timestamp,Intersection_1_queue,Intersection_1_occupancy,Intersection_1_avg_speed,Intersection_2_queue,Intersection_2_occupancy,Intersection_2_avg_speed,Intersection_3_queue,Intersection_3_occupancy,Intersection_3_avg_speed,Intersection_4_queue,Intersection_4_occupancy,Intersection_4_avg_speed,Intersection_5_queue,Intersection_5_occupancy,Intersection_5_avg_speed,Intersection_6_queue,Intersection_6_occupancy,Intersection_6_avg_speed
2023-10-01 00:00:00,13,29.6,39.0,11,24.6,42.3,15,33.8,36.1,16,37.5,33.7,13,29.9,38.7,2,1.7,57.5
2023-10-01 00:05:00,5,9.4,52.4,8,15.1,48.6,15,33.9,36.1,11,22.6,43.6,8,15.5,48.3,10,21.7,44.2
2023-10-01 00:10:00,16,36.3,34.5,15,33.7,36.2,7,14.1,49.2,7,14.0,49.3,14,31.4,37.7,22,51.9,24.1
2023-10-01 00:15:00,17,39.1,32.6,14,32.1,37.2,12,27.4,40.4,9,19.0,46.0,5,8.7,52.9,12,27.0,40.7
2023-10-01 00:20:00,0,0.0,60.0,12,25.2,41.9,25,58.0,20.0,4,7.0,54.0,15,34.5,35.7,8,16.5,47.6
2023-10-01 00:25:00,4,5.5,55.0,7,13.2,49.9,11,24.7,42.2,23,54.8,22.1,20,45.7,28.2,1,0.0,59.6
2023-10-01 00:30:00,12,26.9,40.7,12,26.9,40.7,7,14.6,48.9,11,23.6,43.0,21,49.5,25.7,20,45.7,28.2
2023-10-01 00:35:00,10,20.3,45.2,11,24.0,42.7,10,22.4,43.7,15,34.7,35.6,16,35.6,34.9,11,23.9,42.7
2023-10-01 00:40:00,11,24.7,42.2,3,5.0,55.3,12,26.4,41.1,8,16.9,47.4,3,4.3,55.8,1,0.0,59.6
2023-10-01 00:45:00,6,12.2,50.5,3,2.9,56.7,11,22.7,43.5,5,9.2,52.5,13,28.0,40.0,6,11.1,51.2
2023-10-01 00:50:00,17,38.2,33.2,15,33.5,36.3,11,24.5,42.3,10,21.5,44.3,24,57.1,20.6,4,5.8,54.8
2023-10-01 00:55:00,16,36.7,34.2,0,0.0,60.0,3,3.3,56.4,18,41.5,31.0,6,12.0,50.7,11,23.0,43.3
2023-10-01 01:00:00,12,26.0,41.3,13,28.1,39.9,6,10.6,51.6,8,17.2,47.2,11,24.1,42.6,13,28.1,39.9
2023-10-01 01:05:00,18,41.9,30.7,9,17.8,46.8,11,22.8,43.5,6,11.9,50.7,20,46.2,27.9,8,17.5,47.0
2023-10-01 01:10:00,14,32.0,37.3,19,44.6,28.9,11,22.5,43.7,12,27.3,40.4,15,34.3,35.8,16,36.7,34.2
2023-10-01 01:15:00,6,12.1,50.6,9,17.6,46.9,8,16.5,47.7,14,32.5,37.0,26,62.2,17.2,12,26.2,41.2
2023-10-01 01:20:00,14,30.5,38.3,15,34.9,35.4,10,22.3,43.8,21,49.6,25.6,7,14.0,49.3,18,40.9,31.4
2023-10-01 01:25:00,6,10.6,51.6,9,19.0,46.0,12,25.9,41.4,14,30.3,38.5,6,10.2,51.9,9,19.6,45.6
2023-10-01 01:30:00,17,38.2,33.2,12,26.7,40.9,17,38.3,33.1,15,34.7,35.6,19,43.4,29.8,30,70.7,11.5
2023-10-01 01:35:00,11,24.3,42.5,16,36.1,34.6,11,23.5,43.0,16,35.8,34.8,4,7.1,54.0,8,16.5,47.6
2023-10-01 01:40:00,10,22.2,43.8,9,18.1,46.6,14,31.0,38.0,5,7.7,53.5,10,22.0,44.0,6,11.5,51.0
2023-10-01 01:45:00,7,14.8,48.8,17,39.9,32.0,8,16.9,47.4,6,10.6,51.6,11,24.0,42.7,5,9.6,52.3
2023-10-01 01:50:00,19,43.3,29.8,6,10.1,51.9,15,33.6,36.3,5,8.7,52.8,18,40.5,31.6,10,21.8,44.1
2023-10-01 01:55:00,11,22.7,43.5,13,29.4,39.1,14,30.6,38.2,4,5.0,55.3,15,34.2,35.9,1,0.0,59.2
2023-10-01 02:00:00,9,18.6,46.3,17,38.8,32.8,17,38.0,33.3,16,36.9,34.0,14,31.9,37.4,13,29.4,39.1
2023-10-01 02:05:00,9,19.7,45.5,15,34.9,35.4,16,35.7,34.9,13,29.4,39.1,9,19.0,46.0,0,0.0,60.0
2023-10-01 02:10:00,15,33.0,36.7,23,53.7,22.8,15,33.8,36.1,12,26.2,41.2,19,43.2,29.8,12,27.4,40.4
2023-10-01 02:15:00,14,30.5,38.3,7,13.6,49.6,11,23.5,43.0,0,0.0,60.0,36,85.4,5.0,3,4.7,55.5
2023-10-01 02:20:00,14,31.2,37.9,3,4.3,55.8,13,28.7,39.5,24,55.8,21.4,16,35.4,35.1,9,19.3,45.8
2023-10-01 02:25:00,14,31.5,37.7,6,10.1,51.9,18,41.0,31.4,6,11.6,50.9,12,26.5,41.0,15,34.1,36.0
2023-10-01 02:30:00,24,57.1,20.6,15,34.9,35.4,8,15.2,48.5,24,55.8,21.5,4,5.5,55.0,25,59.6,19.0
2023-10-01 02:35:00,9,18.9,46.1,14,32.5,37.0,8,15.6,48.3,3,3.3,56.5,8,15.4,48.4,5,8.8,52.8
2023-10-01 02:40:00,8,17.3,47.1,12,26.5,41.0,13,27.7,40.2,7,12.8,50.1,10,21.8,44.1,11,22.8,43.5
2023-10-01 02:45:00,7,12.8,50.1,5,8.2,53.2,14,31.2,37.8,0,0.0,60.0,8,17.0,47.3,7,14.2,49.2
2023-10-01 02:50:00,15,34.3,35.8,16,36.5,34.3,7,12.7,50.2,14,30.4,38.4,11,24.8,42.2,6,12.0,50.7
2023-10-01 02:55:00,18,42.0,30.7,4,6.6,54.2,11,23.9,42.7,5,8.5,53.0,22,51.7,24.2,7,14.3,49.1
2023-10-01 03:00:00,11,23.3,43.1,18,42.4,30.4,11,23.6,42.9,5,8.9,52.7,19,43.7,29.5,16,37.4,33.7
2023-10-01 03:05:00,6,12.4,50.4,29,67.9,13.4,0,0.0,60.0,3,4.4,55.7,11,22.6,43.6,9,17.7,46.9
2023-10-01 03:10:00,7,12.7,50.2,14,30.5,38.3,10,21.7,44.2,16,36.7,34.2,4,6.9,54.1,25,58.8,19.5
2023-10-01 03:15:00,15,34.8,35.5,15,33.8,36.1,11,22.7,43.6,16,35.7,34.9,20,45.1,28.6,14,31.3,37.8
2023-10-01 03:20:00,16,36.2,34.5,9,17.7,46.9,11,22.6,43.6,22,52.2,23.9,11,24.3,42.5,5,9.9,52.1
2023-10-01 03:25:00,15,33.2,36.5,1,0.0,60.0,20,46.3,27.8,7,14.8,48.8,1,0.0,59.2,9,19.6,45.6
2023-10-01 03:30:00,8,15.1,48.6,8,16.0,48.0,4,6.8,54.1,13,28.3,39.8,16,35.8,34.8,7,13.0,50.0
2023-10-01 03:35:00,13,28.6,39.6,5,8.7,52.9,7,12.7,50.2,4,5.7,54.9,18,40.5,31.7,16,37.1,34.0
2023-10-01 03:40:00,12,26.8,40.8,3,3.4,56.4,0,0.0,60.0,10,20.1,45.3,0,0.0,60.0,2,0.5,58.3
2023-10-01 03:45:00,13,28.4,39.8,22,50.9,24.7,9,17.9,46.8,8,17.3,47.1,7,12.7,50.2,3,5.0,55.4
2023-10-01 03:50:00,17,38.2,33.2,13,29.2,39.2,9,19.2,45.9,14,32.1,37.3,11,23.5,43.0,8,16.3,47.9
2023-10-01 03:55:00,13,28.5,39.7,14,30.8,38.1,8,17.5,47.0,18,40.4,31.8,16,36.2,34.6,16,35.4,35.1
2023-10-01 04:00:00,16,35.4,35.1,10,20.5,45.0,18,41.8,30.8,17,40.0,32.0,8,17.4,47.1,19,43.7,29.6
2023-10-01 04:05:00,12,26.2,41.2,11,22.6,43.6,17,38.1,33.3,6,12.6,50.3,7,12.7,50.2,20,45.9,28.1
2023-10-01 04:10:00,13,29.6,39.0,17,39.7,32.2,12,26.4,41.1,18,40.2,31.9,16,36.1,34.6,15,33.2,36.6
2023-10-01 04:15:00,15,34.7,35.6,11,24.8,42.2,9,19.7,45.6,11,24.6,42.3,9,18.2,46.6,11,24.0,42.7
2023-10-01 04:20:00,3,3.4,56.4,15,33.3,36.5,18,40.7,31.6,10,20.4,45.1,15,33.4,36.4,16,37.2,33.9
2023-10-01 04:25:00,10,20.6,45.0,10,22.4,43.8,11,25.0,42.0,7,14.7,48.9,5,8.7,52.9,5,8.2,53.3
2023-10-01 04:30:00,9,18.3,46.5,10,20.3,45.2,7,13.1,50.0,8,17.0,47.4,3,5.1,55.3,1,0.0,60.0
2023-10-01 04:35:00,8,15.9,48.2,3,4.3,55.8,1,0.0,58.9,22,51.6,24.4,16,36.8,34.2,14,32.0,37.4
2023-10-01 04:40:00,10,21.4,44.5,0,0.0,60.0,9,18.9,46.2,13,30.1,38.7,13,29.3,39.2,6,10.4,51.8
2023-10-01 04:45:00,21,48.0,26.8,10,21.7,44.3,16,36.9,34.2,13,28.2,40.0,17,39.4,32.5,11,24.6,42.4
2023-10-01 04:50:00,6,12.7,50.3,12,26.5,41.1,25,59.8,18.9,10,21.7,44.3,8,17.7,47.0,12,27.4,40.5
2023-10-01 04:55:00,17,40.2,32.0,4,6.4,54.5,12,26.6,41.0,26,62.4,17.2,7,13.8,49.6,13,29.4,39.2
2023-10-01 05:00:00,2,3.6,56.9,12,28.3,40.4,8,17.3,47.7,20,48.4,27.0,20,49.2,26.5,18,42.9,30.7
2023-10-01 05:05:00,10,23.9,43.4,13,29.7,39.5,5,11.1,51.9,8,18.1,47.3,3,6.1,55.3,17,41.4,31.7
2023-10-01 05:10:00,13,31.4,38.4,0,0.0,60.0,16,37.3,34.5,11,24.9,42.7,20,47.8,27.5,13,31.9,38.0
2023-10-01 05:15:00,16,37.9,34.1,7,15.4,49.1,2,2.6,57.6,11,25.9,42.1,20,48.9,26.7,10,22.5,44.4
2023-10-01 05:20:00,17,39.9,32.8,15,35.3,35.8,16,37.5,34.4,13,31.4,38.4,18,42.1,31.3,13,30.9,38.8
2023-10-01 05:25:00,17,41.3,31.9,15,35.2,35.9,17,41.6,31.6,8,18.8,46.8,8,19.0,46.7,9,20.4,45.8
2023-10-01 05:30:00,10,24.3,43.2,5,12.2,51.3,15,36.0,35.4,15,36.1,35.4,8,17.2,47.9,11,26.5,41.7
2023-10-01 05:35:00,10,22.7,44.3,13,32.0,38.1,11,26.3,41.9,21,51.4,25.2,11,26.5,41.8,28,68.9,13.5
2023-10-01 05:40:00,18,42.7,31.0,19,45.1,29.4,16,38.3,34.0,5,10.1,52.7,5,10.4,52.6,14,32.5,37.8
2023-10-01 05:45:00,11,27.1,41.4,17,41.6,31.8,14,32.5,37.8,6,13.0,50.8,7,15.5,49.1,15,36.7,35.0
2023-10-01 05:50:00,5,11.0,52.2,12,28.7,40.4,8,18.4,47.2,10,22.9,44.3,16,39.8,33.0,8,19.5,46.5
2023-10-01 05:55:00,6,13.3,50.7,10,23.3,44.0,24,58.0,20.9,10,23.7,43.7,16,40.0,32.9,19,45.6,29.2
2023-10-01 06:00:00,7,16.7,48.5,9,21.0,45.6,10,25.2,42.8,25,60.4,19.3,6,14.7,49.8,17,41.9,31.7
2023-10-01 06:05:00,16,38.1,34.2,15,37.7,34.5,17,42.3,31.4,19,45.7,29.2,17,40.8,32.4,17,42.2,31.5
2023-10-01 06:10:00,14,33.0,37.7,14,33.8,37.1,0,0.0,60.0,18,45.0,29.6,15,37.7,34.5,14,34.1,36.9
2023-10-01 06:15:00,17,41.4,32.1,16,40.5,32.7,20,50.2,26.2,11,27.1,41.6,22,53.7,23.9,19,46.6,28.6
2023-10-01 06:20:00,10,24.8,43.2,14,33.2,37.6,22,53.3,24.2,11,26.9,41.7,16,39.8,33.2,20,50.3,26.2
2023-10-01 06:25:00,14,33.8,37.2,18,43.7,30.6,13,31.9,38.5,4,9.7,53.3,19,47.3,28.2,14,35.7,36.0
2023-10-01 06:30:00,17,41.0,32.4,13,33.1,37.7,16,40.0,33.1,18,43.4,30.9,16,38.8,33.9,12,29.9,39.8
2023-10-01 06:35:00,11,27.2,41.7,18,43.6,30.7,16,40.2,33.0,16,39.2,33.7,19,46.5,28.8,18,45.3,29.6
2023-10-01 06:40:00,16,38.9,33.9,18,45.1,29.8,9,22.4,44.9,21,51.3,25.6,5,12.7,51.4,7,18.5,47.5
2023-10-01 06:45:00,9,22.3,45.0,8,20.2,46.4,16,40.4,32.9,12,29.1,40.5,12,30.4,39.6,9,21.5,45.6
2023-10-01 06:50:00,11,27.0,41.9,2,5.3,56.4,8,20.3,46.4,12,30.3,39.7,13,31.8,38.7,13,31.6,38.8
2023-10-01 06:55:00,11,26.9,42.0,22,55.8,22.8,9,23.5,44.3,14,35.2,36.5,12,29.0,40.6,3,6.5,55.6
2023-10-01 07:00:00,6,14.9,50.1,15,36.7,35.5,20,49.7,26.8,18,46.2,29.2,16,39.5,33.7,18,45.2,29.8
2023-10-01 07:05:00,16,40.3,33.1,3,7.3,55.2,19,47.6,28.3,4,10.9,52.7,17,42.5,31.7,7,18.5,47.6
2023-10-01 07:10:00,10,26.1,42.6,9,22.4,45.1,9,22.5,45.0,18,44.2,30.6,15,39.0,34.0,10,26.1,42.6
2023-10-01 07:15:00,13,33.5,37.7,18,44.9,30.1,9,22.3,45.2,13,33.0,38.1,12,30.6,39.6,12,30.1,40.0
2023-10-01 07:20:00,16,40.6,33.0,12,29.2,40.6,9,23.8,44.2,7,17.6,48.4,9,22.4,45.1,13,34.0,37.4
2023-10-01 07:25:00,16,40.3,33.3,10,25.9,42.8,18,44.6,30.4,1,2.3,58.6,20,50.0,26.7,11,28.4,41.2
2023-10-01 07:30:00,17,43.7,31.0,22,54.7,23.7,7,18.7,47.7,12,31.6,39.0,15,38.9,34.2,13,32.7,38.3
2023-10-01 07:35:00,13,32.3,38.6,7,18.1,48.1,15,39.1,34.0,22,55.5,23.1,7,18.5,47.8,13,32.9,38.2
2023-10-01 07:40:00,11,27.5,41.8,8,21.9,45.6,18,45.1,30.1,23,59.0,20.8,12,30.9,39.5,11,27.1,42.0
2023-10-01 07:45:00,13,32.7,38.3,15,37.1,35.4,13,32.6,38.4,15,39.2,34.0,3,7.8,55.0,9,22.3,45.3
2023-10-01 07:50:00,3,8.7,54.4,16,39.8,33.6,19,49.1,27.4,25,63.4,17.9,14,34.5,37.2,20,50.2,26.7
2023-10-01 07:55:00,5,12.3,52.0,16,41.4,32.5,11,29.4,40.5,13,33.3,37.9,12,31.0,39.5,1,2.4,58.5
2023-10-01 08:00:00,5,14.2,50.7,19,47.7,28.4,12,30.8,39.6,19,48.3,28.0,10,25.4,43.2,12,30.9,39.6
2023-10-01 08:05:00,7,19.0,47.5,14,37.0,35.5,7,19.3,47.3,11,27.2,42.0,23,57.8,21.7,10,27.0,42.2
2023-10-01 08:10:00,16,40.0,33.5,16,41.3,32.6,19,49.2,27.3,10,26.2,42.7,6,16.6,49.1,16,40.2,33.3
2023-10-01 08:15:00,8,20.3,46.6,12,30.0,40.1,9,22.4,45.2,9,23.8,44.3,18,44.5,30.5,5,12.1,52.1
2023-10-01 08:20:00,11,28.2,41.4,14,34.8,36.9,15,39.1,34.1,1,2.9,58.2,26,66.7,15.7,10,26.4,42.6
2023-10-01 08:25:00,21,53.3,24.6,14,35.4,36.5,13,32.7,38.3,21,53.1,24.7,20,49.9,26.8,13,32.2,38.6
2023-10-01 08:30:00,11,28.3,41.2,15,36.9,35.5,7,17.9,48.2,9,24.1,44.1,13,33.2,38.0,20,49.7,27.0
2023-10-01 08:35:00,18,44.6,30.3,18,45.2,30.0,10,24.4,43.8,8,21.5,45.7,6,16.6,49.1,15,38.5,34.4
2023-10-01 08:40:00,8,19.4,47.1,17,41.8,32.2,21,54.2,24.0,6,15.7,49.6,5,13.0,51.4,6,15.7,49.6
2023-10-01 08:45:00,12,30.2,39.9,13,34.0,37.4,14,36.3,35.8,12,30.2,39.9,11,27.1,42.0,10,26.0,42.7
2023-10-01 08:50:00,7,18.9,47.4,8,21.0,46.0,7,18.0,48.0,24,59.6,20.3,9,22.8,44.8,18,46.4,29.1
2023-10-01 08:55:00,11,27.9,41.4,14,34.0,37.3,15,37.6,35.0,26,64.4,17.1,9,22.2,45.2,6,15.0,50.0
2023-10-01 09:00:00,18,45.4,29.7,13,32.4,38.4,12,30.6,39.6,3,7.9,54.7,11,27.9,41.4,13,31.6,38.9
2023-10-01 09:05:00,3,6.7,55.5,14,35.5,36.3,34,84.4,5.0,11,27.3,41.7,12,31.1,39.2,13,32.5,38.3
2023-10-01 09:10:00,16,39.0,33.9,26,65.5,16.2,15,36.7,35.4,7,16.9,48.6,16,39.7,33.4,11,26.6,42.1
2023-10-01 09:15:00,14,35.8,36.0,10,24.4,43.6,11,26.5,42.2,19,47.1,28.5,6,13.7,50.8,29,72.7,11.4
2023-10-01 09:20:00,9,23.1,44.4,15,38.4,34.3,21,53.3,24.3,15,36.3,35.6,9,21.8,45.3,10,25.9,42.6
2023-10-01 09:25:00,4,10.2,53.0,19,47.9,27.9,2,4.2,57.0,9,22.3,44.9,12,29.4,40.2,16,38.6,34.1
2023-10-01 09:30:00,13,32.7,38.0,13,33.1,37.7,13,33.1,37.7,13,32.7,38.0,12,28.7,40.6,8,20.1,46.3
2023-10-01 09:35:00,10,23.5,44.1,27,66.5,15.4,25,61.4,18.8,10,24.3,43.6,24,59.0,20.4,16,39.4,33.5
2023-10-01 09:40:00,14,34.7,36.6,10,25.6,42.7,12,29.5,40.0,22,55.5,22.7,14,34.7,36.6,18,44.3,30.2
2023-10-01 09:45:00,13,31.4,38.8,15,35.9,35.7,2,5.0,56.3,16,39.2,33.5,3,6.8,55.1,9,22.2,44.9
2023-10-01 09:50:00,22,54.9,23.1,8,18.9,47.1,10,24.9,43.0,17,40.9,32.4,15,37.1,34.9,12,30.0,39.6
2023-10-01 09:55:00,11,27.1,41.6,11,25.4,42.7,21,52.5,24.6,0,0.0,60.0,16,38.8,33.7,7,17.2,48.1
2023-10-01 10:00:00,6,15.1,49.5,14,34.2,36.8,15,36.1,35.5,12,29.5,39.9,12,28.6,40.5,6,13.3,50.7
2023-10-01 10:05:00,14,33.0,37.6,18,43.0,30.9,8,17.7,47.7,25,61.5,18.5,5,12.1,51.5,19,45.8,29.0
2023-10-01 10:10:00,14,33.4,37.2,14,34.9,36.2,8,19.8,46.3,20,50.0,26.2,23,56.5,21.9,9,21.8,45.0
2023-10-01 10:15:00,21,50.3,25.9,20,48.8,26.9,9,21.6,45.1,1,2.3,58.0,6,13.9,50.2,0,0.0,60.0
2023-10-01 10:20:00,17,42.3,31.2,12,28.4,40.5,15,35.2,36.0,11,25.1,42.7,16,39.7,33.0,23,56.3,21.9
2023-10-01 10:25:00,15,35.0,36.1,10,24.7,43.0,20,49.7,26.3,5,11.6,51.7,14,32.7,37.7,8,17.6,47.7
2023-10-01 10:30:00,21,51.5,25.1,29,70.1,12.7,19,45.3,29.2,23,55.2,22.6,16,38.5,33.7,11,25.8,42.2
2023-10-01 10:35:00,5,11.5,51.7,15,35.3,35.9,15,36.2,35.2,14,33.0,37.4,23,55.0,22.7,22,54.0,23.4
2023-10-01 10:40:00,9,19.7,46.3,8,18.5,47.1,4,9.3,53.2,8,17.7,47.5,16,37.7,34.3,12,27.1,41.3
2023-10-01 10:45:00,7,15.2,49.2,8,18.7,46.9,4,9.2,53.2,13,29.7,39.6,9,20.8,45.5,11,26.7,41.6
2023-10-01 10:50:00,10,23.2,43.9,7,14.9,49.4,16,37.0,34.6,0,0.0,60.0,19,45.6,28.9,5,10.6,52.3
2023-10-01 10:55:00,4,8.3,53.8,18,43.0,30.7,4,8.8,53.5,6,12.7,50.9,9,19.5,46.3,2,4.4,56.4
2023-10-01 11:00:00,16,38.4,33.7,10,23.4,43.7,11,25.5,42.3,12,29.4,39.7,13,31.3,38.4,11,26.4,41.7
2023-10-01 11:05:00,11,25.4,42.3,13,30.7,38.8,14,33.3,37.1,17,41.5,31.7,4,9.4,53.0,14,34.2,36.5
2023-10-01 11:10:00,3,6.6,54.9,12,27.7,40.8,5,11.6,51.5,1,0.0,59.6,6,13.2,50.5,14,33.3,37.1
2023-10-01 11:15:00,6,13.4,50.3,17,39.6,32.9,6,13.3,50.4,10,22.9,44.0,13,29.4,39.7,9,21.4,45.0
2023-10-01 11:20:00,14,33.3,37.1,7,15.9,48.7,12,27.2,41.2,18,43.7,30.1,14,34.1,36.5,12,28.9,40.0
2023-10-01 11:25:00,17,41.1,31.9,6,12.4,51.0,15,36.1,35.2,3,6.7,54.8,2,3.0,57.3,1,1.0,58.6
2023-10-01 11:30:00,24,58.4,20.3,14,31.8,38.0,19,44.4,29.6,14,31.9,38.0,15,35.9,35.3,15,35.4,35.7
2023-10-01 11:35:00,30,72.1,11.1,16,37.5,34.3,16,37.5,34.2,13,29.4,39.6,7,16.1,48.5,13,30.9,38.7
2023-10-01 11:40:00,15,34.6,36.2,14,33.4,37.0,13,29.5,39.6,22,54.1,23.2,20,47.6,27.5,24,58.0,20.6
2023-10-01 11:45:00,6,13.5,50.2,7,16.2,48.4,8,17.2,47.8,11,24.9,42.6,10,23.1,43.8,12,28.5,40.2
2023-10-01 11:50:00,0,0.0,60.0,16,38.5,33.5,6,12.3,51.0,11,25.8,42.0,5,11.5,51.6,7,14.2,49.7
2023-10-01 11:55:00,14,32.4,37.7,8,17.2,47.8,9,20.7,45.4,17,41.2,31.8,13,29.5,39.6,12,27.6,40.8
2023-10-01 12:00:00,7,16.1,48.5,9,20.5,45.5,15,34.5,36.2,4,8.4,53.6,7,14.6,49.5,10,23.4,43.6
2023-10-01 12:05:00,10,22.1,44.5,7,14.2,49.8,14,33.4,37.0,11,25.0,42.5,20,47.4,27.6,15,34.9,36.0
2023-10-01 12:10:00,8,19.2,46.5,20,47.8,27.3,0,0.0,60.0,9,21.5,44.9,12,28.3,40.3,12,28.7,40.1
2023-10-01 12:15:00,11,26.2,41.7,16,37.8,34.0,7,16.6,48.2,11,26.3,41.7,11,26.1,41.8,5,9.4,52.9
2023-10-01 12:20:00,19,44.3,29.7,16,37.4,34.3,19,46.4,28.3,17,41.1,31.8,16,37.2,34.4,2,3.8,56.7
2023-10-01 12:25:00,13,30.7,38.7,20,47.1,27.8,13,29.6,39.5,15,36.7,34.8,6,13.3,50.4,14,32.3,37.7
2023-10-01 12:30:00,11,26.0,41.9,29,70.6,12.2,4,7.1,54.5,8,17.2,47.8,4,9.0,53.2,20,49.1,26.5
2023-10-01 12:35:00,6,12.9,50.7,2,2.8,57.4,26,63.7,16.7,13,30.5,38.9,15,34.5,36.2,13,29.6,39.5
2023-10-01 12:40:00,2,3.3,57.0,8,17.4,47.7,12,28.0,40.6,21,50.8,25.4,6,11.9,51.3,17,40.6,32.1
2023-10-01 12:45:00,9,21.2,45.1,8,19.2,46.4,14,34.2,36.4,7,16.0,48.6,6,12.0,51.3,18,43.7,30.1
2023-10-01 12:50:00,12,27.7,40.8,7,15.7,48.8,15,34.5,36.3,13,30.7,38.8,17,41.1,31.9,14,32.5,37.6
2023-10-01 12:55:00,23,55.1,22.5,6,12.4,51.0,10,23.0,43.9,11,25.7,42.2,15,36.4,35.0,7,16.3,48.4
2023-10-01 13:00:00,13,30.6,38.9,10,24.1,43.2,8,17.7,47.5,12,27.7,40.8,5,9.8,52.7,13,31.5,38.2
2023-10-01 13:05:00,18,43.4,30.3,5,10.4,52.3,25,60.5,19.0,2,4.2,56.5,9,19.4,46.4,19,46.8,28.1
2023-10-01 13:10:00,9,21.2,45.1,14,33.7,36.8,18,43.8,30.1,21,49.9,26.0,7,15.1,49.2,15,36.7,34.8
2023-10-01 13:15:00,5,11.0,52.0,13,29.5,39.6,17,41.1,31.9,8,17.2,47.9,23,55.4,22.4,17,40.0,32.6
2023-10-01 13:20:00,6,14.4,49.7,15,36.0,35.3,16,37.5,34.3,18,44.2,29.8,18,42.4,31.0,9,21.9,44.7
2023-10-01 13:25:00,8,18.0,47.3,15,36.5,35.0,6,13.9,50.1,9,19.6,46.3,10,22.6,44.3,11,25.9,42.1
2023-10-01 13:30:00,25,60.9,18.7,16,38.0,34.0,20,48.1,27.2,9,19.6,46.3,16,37.6,34.2,12,27.2,41.2
2023-10-01 13:35:00,7,16.7,48.2,10,23.5,43.7,7,16.4,48.4,20,47.3,27.8,4,8.7,53.5,12,28.3,40.5
2023-10-01 13:40:00,17,41.7,31.5,25,61.0,18.7,14,33.4,37.1,18,44.1,30.0,8,19.1,46.7,19,46.7,28.2
2023-10-01 13:45:00,7,15.7,48.9,14,32.8,37.5,3,4.7,56.3,14,32.4,37.8,13,30.8,38.8,0,0.0,60.0
2023-10-01 13:50:00,18,43.3,30.5,1,1.4,58.5,0,0.0,60.0,17,40.8,32.2,15,36.1,35.3,13,29.8,39.5
2023-10-01 13:55:00,15,35.2,35.9,6,14.4,49.8,14,34.2,36.6,11,25.1,42.7,12,28.0,40.8,12,28.3,40.6
2023-10-01 14:00:00,11,27.2,41.3,2,3.5,57.1,8,17.4,47.8,12,29.4,39.8,14,33.3,37.2,4,9.0,53.4
2023-10-01 14:05:00,12,29.1,40.1,13,29.9,39.5,1,0.0,59.6,8,19.8,46.3,13,30.9,38.9,16,39.8,32.9
2023-10-01 14:10:00,9,20.0,46.1,12,28.0,40.8,16,37.9,34.2,18,43.4,30.6,11,27.3,41.2,8,18.9,46.8
2023-10-01 14:15:00,15,36.6,35.1,10,22.9,44.2,25,61.7,18.3,8,19.5,46.5,11,25.5,42.5,10,24.6,43.1
2023-10-01 14:20:00,10,23.2,44.0,25,60.2,19.4,21,50.9,25.6,21,52.3,24.6,10,23.7,43.7,24,57.8,21.0
2023-10-01 14:25:00,5,11.8,51.7,16,38.4,33.9,11,26.3,42.0,11,25.5,42.6,14,33.7,37.1,19,45.3,29.3
2023-10-01 14:30:00,5,11.2,52.1,17,41.2,32.1,13,30.5,39.2,13,30.6,39.1,15,36.5,35.2,16,39.0,33.6
2023-10-01 14:35:00,14,33.1,37.5,7,16.5,48.6,18,43.8,30.4,17,41.9,31.7,14,33.5,37.3,15,36.2,35.4
2023-10-01 14:40:00,22,54.3,23.4,7,15.7,49.2,19,47.5,28.0,13,31.0,38.9,6,13.0,51.0,12,28.2,40.8
2023-10-01 14:45:00,14,33.2,37.5,13,31.3,38.7,11,25.6,42.5,11,26.3,42.1,7,15.8,49.1,25,60.8,19.1
2023-10-01 14:50:00,12,29.2,40.2,14,33.6,37.3,13,31.5,38.7,13,30.5,39.3,15,36.9,35.0,18,43.0,31.0
2023-10-01 14:55:00,14,35.4,36.1,2,3.3,57.5,15,35.6,35.9,18,44.5,30.0,22,53.2,24.2,8,19.9,46.4
2023-10-01 15:00:00,21,50.9,25.8,12,28.6,40.7,16,39.6,33.3,9,21.4,45.5,14,33.6,37.3,4,10.3,52.9
2023-10-01 15:05:00,14,34.8,36.6,13,31.7,38.6,12,29.5,40.1,12,29.6,40.0,10,25.3,42.9,16,40.0,33.1
2023-10-01 15:10:00,10,25.5,42.8,12,28.4,40.8,12,29.8,39.9,13,31.8,38.6,14,35.0,36.4,12,30.8,39.2
2023-10-01 15:15:00,20,48.4,27.5,8,19.6,46.7,21,52.5,24.8,18,44.8,29.9,6,14.8,50.0,4,10.4,52.9
2023-10-01 15:20:00,15,38.4,34.2,10,23.9,43.9,20,50.1,26.4,12,30.5,39.5,21,51.6,25.4,15,38.4,34.2
2023-10-01 15:25:00,22,55.2,23.0,12,29.5,40.2,16,39.3,33.6,24,59.3,20.3,14,35.0,36.5,11,28.1,41.1
2023-10-01 15:30:00,14,35.1,36.5,14,33.7,37.4,23,58.2,21.1,12,30.0,39.9,9,22.3,45.0,16,40.3,33.0
2023-10-01 15:35:00,6,14.2,50.5,17,41.6,32.2,11,26.8,42.1,12,29.0,40.6,12,30.0,39.9,16,39.2,33.8
2023-10-01 15:40:00,5,12.2,51.8,20,48.9,27.3,23,57.1,21.9,12,30.2,39.8,10,24.8,43.4,9,23.6,44.2
2023-10-01 15:45:00,23,57.7,21.5,11,28.5,41.0,16,41.0,32.6,5,13.2,51.2,21,52.6,24.9,17,42.4,31.7
2023-10-01 15:50:00,23,58.9,20.7,10,26.2,42.5,33,82.2,5.2,7,17.5,48.3,12,30.1,40.0,10,25.6,42.9
2023-10-01 15:55:00,12,30.6,39.7,16,39.8,33.5,6,15.4,49.8,10,25.3,43.2,14,35.6,36.3,11,26.8,42.2
2023-10-01 16:00:00,11,27.7,41.6,17,42.6,31.7,9,23.1,44.7,20,50.5,26.4,17,42.0,32.0,10,25.5,43.1
2023-10-01 16:05:00,22,55.5,23.1,11,27.1,42.0,16,39.9,33.5,13,33.1,38.0,9,22.5,45.1,20,50.6,26.4
2023-10-01 16:10:00,7,17.2,48.7,18,45.6,29.7,16,39.7,33.6,10,26.5,42.5,14,36.7,35.7,12,29.6,40.4
2023-10-01 16:15:00,8,20.5,46.5,19,48.6,27.7,25,63.2,18.0,21,52.3,25.3,15,38.0,34.8,22,54.5,23.8
2023-10-01 16:20:00,17,43.7,31.0,21,53.4,24.5,9,24.0,44.1,23,57.3,22.0,4,10.8,53.0,24,60.8,19.6
2023-10-01 16:25:00,11,28.3,41.3,24,60.9,19.6,19,47.8,28.3,21,53.0,24.8,15,38.0,34.9,9,23.1,44.8
2023-10-01 16:30:00,13,34.3,37.4,8,21.4,46.0,20,51.8,25.7,8,21.6,45.9,13,33.7,37.8,0,0.0,60.0
2023-10-01 16:35:00,12,32.0,38.9,13,34.7,37.1,18,45.1,30.2,10,27.1,42.2,14,36.4,36.0,20,50.1,26.8
2023-10-01 16:40:00,15,39.7,33.8,13,34.8,37.1,8,20.2,46.8,24,61.8,19.1,14,35.1,36.8,11,29.5,40.6
2023-10-01 16:45:00,22,55.8,23.1,13,33.2,38.1,22,55.8,23.1,15,38.3,34.7,15,38.6,34.6,8,21.7,45.8
2023-10-01 16:50:00,14,36.2,36.2,10,25.1,43.6,21,53.3,24.8,12,30.8,39.8,21,54.9,23.7,10,26.0,43.0
2023-10-01 16:55:00,17,44.6,30.6,5,12.6,51.9,17,43.9,31.1,18,45.7,29.9,6,17.2,48.8,11,28.7,41.2
2023-10-01 17:00:00,1,4.2,57.5,14,36.4,36.1,15,38.0,35.0,20,50.1,26.9,11,29.8,40.4,21,54.4,24.0
2023-10-01 17:05:00,13,34.3,37.5,9,23.5,44.7,15,38.4,34.7,10,26.5,42.7,18,45.0,30.3,14,37.4,35.4
2023-10-01 17:10:00,8,22.5,45.4,14,36.4,36.1,13,33.9,37.7,15,38.4,34.8,16,42.3,32.1,21,54.4,24.1
2023-10-01 17:15:00,6,16.9,49.1,9,23.2,44.9,17,44.8,30.5,19,49.0,27.7,16,42.0,32.3,16,42.6,32.0
2023-10-01 17:20:00,8,22.0,45.7,7,18.7,47.9,14,35.6,36.6,7,17.8,48.5,30,76.5,9.4,12,30.5,40.0
2023-10-01 17:25:00,12,30.2,40.2,15,38.7,34.6,8,22.5,45.4,14,35.4,36.8,17,44.4,30.8,11,29.3,40.8
2023-10-01 17:30:00,19,48.9,27.7,14,37.5,35.4,7,19.5,47.4,7,18.5,48.0,20,52.2,25.6,17,43.6,31.3
2023-10-01 17:35:00,6,15.3,50.2,17,43.9,31.1,9,23.9,44.4,8,20.4,46.7,12,30.6,40.0,18,47.5,28.7
2023-10-01 17:40:00,14,35.6,36.6,27,68.0,15.1,15,38.5,34.7,10,26.7,42.5,8,20.3,46.8,20,50.1,26.9
2023-10-01 17:45:00,11,27.9,41.8,15,39.3,34.2,13,34.7,37.2,16,42.3,32.2,12,30.4,40.1,12,31.2,39.5
2023-10-01 17:50:00,12,30.2,40.2,16,42.4,32.1,15,38.3,34.8,12,30.3,40.2,18,45.8,29.8,15,37.7,35.2
2023-10-01 17:55:00,20,50.1,26.9,7,18.9,47.8,17,42.6,32.0,10,25.3,43.5,16,41.1,32.9,17,43.8,31.1
2023-10-01 18:00:00,17,43.1,31.6,6,15.7,49.9,10,25.6,43.3,14,35.8,36.5,16,41.0,33.0,11,29.2,40.9
2023-10-01 18:05:00,22,55.0,23.7,23,58.6,21.2,22,56.9,22.4,7,17.7,48.5,12,31.7,39.2,7,17.9,48.4
2023-10-01 18:10:00,13,32.5,38.6,8,21.0,46.3,12,30.8,39.8,16,41.2,32.8,11,29.2,40.8,9,22.7,45.2
2023-10-01 18:15:00,9,24.3,44.1,7,19.1,47.6,11,28.2,41.5,20,51.7,25.8,12,32.0,38.9,12,31.1,39.6
2023-10-01 18:20:00,12,31.2,39.4,13,34.0,37.6,16,41.8,32.4,13,33.4,38.0,18,45.5,30.0,17,44.5,30.6
2023-10-01 18:25:00,15,38.1,34.8,13,33.1,38.2,2,6.9,55.6,12,31.4,39.3,18,47.1,28.9,21,53.4,24.7
2023-10-01 18:30:00,14,37.0,35.6,8,20.8,46.3,9,22.5,45.2,16,40.0,33.6,7,19.3,47.4,5,14.0,50.9
2023-10-01 18:35:00,7,18.0,48.2,12,29.6,40.4,19,48.9,27.6,1,3.8,57.7,18,45.7,29.8,10,25.3,43.4
2023-10-01 18:40:00,14,35.4,36.6,21,52.5,25.2,3,8.0,54.8,17,42.1,32.1,9,24.3,44.0,11,28.7,41.0
2023-10-01 18:45:00,15,37.3,35.3,8,21.8,45.6,20,50.7,26.4,32,80.5,6.5,16,41.0,32.8,18,45.8,29.6
2023-10-01 18:50:00,28,71.5,12.4,5,12.9,51.6,22,56.4,22.5,13,31.9,38.8,12,30.9,39.5,10,25.8,42.9
2023-10-01 18:55:00,24,61.8,18.9,19,47.7,28.3,11,28.1,41.4,13,31.8,38.9,23,57.1,22.0,11,27.2,42.0
2023-10-01 19:00:00,8,20.6,46.3,16,40.8,32.9,15,37.8,34.9,18,44.6,30.3,11,27.2,42.0,5,12.3,51.9
2023-10-01 19:05:00,11,29.0,40.7,9,24.0,44.1,20,50.0,26.7,23,57.9,21.4,14,35.9,36.1,16,40.5,33.0
2023-10-01 19:10:00,4,11.1,52.6,4,9.4,53.8,10,26.1,42.6,19,47.7,28.2,17,42.2,31.9,12,30.7,39.6
2023-10-01 19:15:00,10,24.0,44.0,9,21.7,45.5,18,45.9,29.4,0,0.6,59.6,8,19.8,46.8,9,23.1,44.6
2023-10-01 19:20:00,15,37.5,35.0,13,31.9,38.7,9,22.7,44.8,16,41.2,32.5,13,31.6,38.9,11,28.8,40.7
2023-10-01 19:25:00,20,50.6,26.2,20,50.0,26.6,10,25.4,43.0,28,71.1,12.5,11,28.6,40.9,20,49.5,27.0
2023-10-01 19:30:00,9,21.4,45.6,7,16.8,48.7,8,20.4,46.3,17,41.7,32.1,10,24.7,43.5,7,17.3,48.4
2023-10-01 19:35:00,9,22.4,44.9,12,30.9,39.3,15,37.3,35.0,6,14.9,50.0,10,25.6,42.8,8,19.6,46.8
2023-10-01 19:40:00,0,0.0,60.0,17,42.1,31.7,20,49.4,26.9,15,36.2,35.7,20,48.7,27.4,20,50.8,26.0
2023-10-01 19:45:00,12,29.4,40.2,0,0.0,60.0,12,29.1,40.4,5,12.6,51.4,9,22.8,44.6,13,33.0,37.8
2023-10-01 19:50:00,6,15.7,49.3,19,47.2,28.3,5,12.6,51.4,20,50.1,26.3,16,40.1,33.0,17,41.7,32.0
2023-10-01 19:55:00,10,23.5,44.1,6,13.7,50.6,6,15.2,49.6,7,17.1,48.3,15,36.2,35.6,15,37.5,34.7
2023-10-01 20:00:00,7,18.1,47.6,15,36.3,35.5,15,37.2,34.9,13,32.4,38.1,4,10.3,52.8,13,30.8,39.2
2023-10-01 20:05:00,12,29.7,39.9,14,34.8,36.5,24,58.8,20.5,8,18.3,47.5,16,38.9,33.7,11,25.9,42.4
2023-10-01 20:10:00,2,4.6,56.6,19,47.2,28.2,15,36.9,35.1,9,22.8,44.5,4,9.8,53.2,18,43.4,30.7
2023-10-01 20:15:00,4,8.8,53.8,16,39.1,33.6,10,25.0,43.0,22,53.1,24.2,16,40.2,32.8,20,48.2,27.5
2023-10-01 20:20:00,25,62.6,17.9,0,0.0,60.0,17,42.1,31.5,13,32.2,38.1,10,23.0,44.3,19,46.9,28.3
2023-10-01 20:25:00,5,11.2,52.1,8,18.7,47.1,11,26.9,41.7,9,22.1,44.8,13,30.6,39.2,5,12.7,51.1
2023-10-01 20:30:00,6,13.9,50.3,13,32.4,37.9,10,24.7,43.1,6,13.2,50.8,5,10.9,52.3,20,49.9,26.3
2023-10-01 20:35:00,24,57.7,21.0,11,27.3,41.4,7,15.8,49.0,1,2.1,58.1,13,32.0,38.2,10,24.8,43.0
2023-10-01 20:40:00,30,73.6,10.4,15,37.2,34.7,21,51.2,25.4,5,11.3,52.0,18,44.0,30.2,8,18.7,47.0
2023-10-01 20:45:00,5,12.3,51.3,17,41.8,31.6,0,0.0,60.0,13,31.6,38.4,8,17.8,47.6,11,27.4,41.2
2023-10-01 20:50:00,10,24.3,43.3,16,38.9,33.5,17,41.8,31.6,18,44.5,29.8,9,20.7,45.7,17,42.3,31.3
2023-10-01 20:55:00,14,34.8,36.2,11,26.5,41.8,10,22.7,44.3,9,21.3,45.3,15,36.5,35.1,16,37.8,34.3
2023-10-01 21:00:00,23,55.5,22.4,1,1.9,58.2,10,23.4,43.8,22,53.1,24.0,15,36.8,34.9,11,25.7,42.3
2023-10-01 21:05:00,6,14.6,49.6,10,22.6,44.3,23,54.8,22.9,8,18.7,47.0,0,0.0,60.0,17,42.0,31.4
2023-10-01 21:10:00,11,25.7,42.3,15,35.6,35.7,8,18.6,47.0,11,25.8,42.2,24,59.6,19.7,13,31.4,38.4
2023-10-01 21:15:00,17,40.9,32.1,6,12.9,50.8,8,19.0,46.7,6,13.0,50.7,16,37.2,34.6,9,20.6,45.6
2023-10-01 21:20:00,15,35.7,35.6,16,38.6,33.6,12,27.2,41.2,18,44.0,30.0,17,39.6,33.0,8,18.5,47.0
2023-10-01 21:25:00,10,23.4,43.7,18,42.7,30.9,15,35.3,35.8,25,60.5,19.0,11,26.9,41.4,15,35.2,35.9
2023-10-01 21:30:00,11,27.0,41.4,13,30.9,38.7,10,22.3,44.4,2,2.5,57.6,1,1.1,58.6,12,27.7,40.8
2023-10-01 21:35:00,4,8.3,53.8,0,0.0,60.0,3,5.3,55.8,10,23.7,43.5,16,39.0,33.3,4,8.3,53.8
2023-10-01 21:40:00,11,25.2,42.5,5,9.7,52.9,7,15.8,48.7,20,47.8,27.4,9,20.3,45.7,17,41.5,31.6
2023-10-01 21:45:00,11,24.8,42.8,24,57.0,21.3,20,48.0,27.3,4,7.0,54.6,16,36.9,34.7,9,21.5,44.9
2023-10-01 21:50:00,14,32.2,37.8,9,20.5,45.6,13,29.8,39.4,16,37.2,34.5,11,25.4,42.3,22,52.6,24.2
2023-10-01 21:55:00,9,20.3,45.7,0,0.0,60.0,15,35.4,35.7,20,47.0,28.0,14,32.2,37.8,4,7.6,54.2
2023-10-01 22:00:00,15,35.6,35.5,20,47.1,27.9,11,24.7,42.8,13,29.7,39.4,8,16.9,48.0,11,25.9,42.0
2023-10-01 22:05:00,18,40.7,31.6,12,25.7,41.6,8,15.6,48.3,15,33.8,36.2,17,38.5,33.1,7,15.0,48.7
2023-10-01 22:10:00,13,27.8,40.2,18,42.0,30.7,22,50.6,25.0,22,51.9,24.2,4,7.6,53.6,6,10.8,51.5
2023-10-01 22:15:00,14,30.7,38.3,13,29.6,39.0,10,22.6,43.7,23,54.7,22.3,25,59.1,19.3,9,18.1,46.7
2023-10-01 22:20:00,12,26.2,41.3,14,32.3,37.2,9,18.7,46.2,11,24.5,42.4,25,59.0,19.4,22,51.9,24.1
2023-10-01 22:25:00,12,25.4,41.8,14,30.8,38.2,18,41.8,30.9,8,17.4,47.1,21,49.8,25.5,12,27.5,40.4
2023-10-01 22:30:00,7,14.5,49.1,16,35.8,34.9,7,14.5,49.1,6,11.5,51.0,19,44.4,29.1,7,13.4,49.8
2023-10-01 22:35:00,13,30.0,38.7,25,59.4,19.1,8,16.4,47.8,17,39.9,32.1,11,24.0,42.7,1,0.0,60.0
2023-10-01 22:40:00,11,23.8,42.8,17,39.8,32.2,12,25.4,41.8,3,4.7,55.6,19,42.8,30.2,1,0.0,59.1
2023-10-01 22:45:00,24,56.6,21.0,2,1.5,57.7,12,25.2,41.9,10,21.4,44.4,11,23.8,42.8,8,17.2,47.2
2023-10-01 22:50:00,21,48.8,26.2,14,31.9,37.4,13,29.1,39.3,12,26.7,40.9,2,1.9,57.4,8,15.7,48.2
2023-10-01 22:55:00,14,31.0,38.0,18,42.3,30.5,24,56.6,21.0,9,17.6,46.9,21,47.7,26.9,10,21.8,44.1
2023-10-01 23:00:00,7,13.7,49.5,19,43.2,29.9,14,30.2,38.6,13,29.4,39.1,18,42.1,30.6,0,0.0,60.0
2023-10-01 23:05:00,5,8.5,53.1,9,18.7,46.2,0,0.0,60.0,27,63.6,16.3,11,24.7,42.2,11,23.8,42.8
2023-10-01 23:10:00,19,43.0,30.0,19,42.6,30.3,13,30.0,38.7,11,23.3,43.2,4,6.8,54.2,18,40.5,31.7
2023-10-01 23:15:00,13,29.1,39.3,17,39.0,32.7,12,25.7,41.6,9,18.6,46.3,8,16.3,47.8,21,49.5,25.7
2023-10-01 23:20:00,14,32.3,37.1,27,63.7,16.2,12,25.8,41.5,18,40.3,31.8,1,0.0,60.0,0,0.0,60.0
2023-10-01 23:25:00,1,0.0,59.4,7,13.8,49.5,13,28.8,39.5,13,28.7,39.6,17,39.3,32.5,7,13.1,50.0
2023-10-01 23:30:00,17,39.0,32.7,8,17.5,47.0,11,24.6,42.2,20,46.7,27.6,2,1.0,58.0,6,12.3,50.5
2023-10-01 23:35:00,14,31.9,37.4,10,20.5,45.0,11,24.3,42.5,13,27.5,40.3,13,29.4,39.1,12,27.3,40.5
2023-10-01 23:40:00,5,8.4,53.1,9,17.7,46.9,15,34.3,35.8,10,21.3,44.5,6,12.4,50.4,4,6.8,54.2
2023-10-01 23:45:00,9,18.0,46.7,6,11.7,50.9,8,16.9,47.4,1,0.0,59.8,3,3.7,56.2,22,50.3,25.2
2023-10-01 23:50:00,13,29.0,39.3,0,0.0,60.0,6,10.8,51.5,2,0.8,58.2,13,28.6,39.6,12,25.7,41.5
2023-10-01 23:55:00,12,25.8,41.5,9,18.5,46.3,30,70.4,11.7,0,0.0,60.0,10,20.0,45.3,11,23.2,43.2
2023-10-02 00:00:00,10,20.6,44.9,14,30.5,38.3,7,14.3,49.2,14,30.7,38.2,17,37.6,33.6,21,48.9,26.1
2023-10-02 00:05:00,11,23.4,43.0,9,17.6,46.9,12,26.5,41.0,3,4.6,55.6,4,6.0,54.7,11,24.8,42.2
2023-10-02 00:10:00,10,21.2,44.5,23,54.0,22.6,3,2.6,57.0,19,43.8,29.4,7,13.6,49.6,14,31.0,38.0
2023-10-02 00:15:00,12,27.3,40.5,12,25.2,41.9,12,26.7,40.8,12,25.5,41.7,0,0.0,60.0,7,13.7,49.5
2023-10-02 00:20:00,20,47.1,27.3,19,44.4,29.1,6,11.0,51.3,10,21.3,44.4,0,0.0,60.0,3,4.4,55.7
2023-10-02 00:25:00,0,0.0,60.0,13,28.9,39.4,9,18.4,46.4,6,12.3,50.4,22,52.0,24.0,8,15.8,48.1
2023-10-02 00:30:00,10,21.4,44.4,16,37.4,33.7,18,40.7,31.5,15,34.3,35.8,24,56.3,21.2,25,57.8,20.1
2023-10-02 00:35:00,13,27.6,40.2,13,29.2,39.2,14,32.1,37.3,7,12.9,50.0,12,26.4,41.1,15,34.5,35.7
2023-10-02 00:40:00,13,29.4,39.0,20,45.5,28.3,15,33.5,36.3,6,10.2,51.9,7,12.6,50.2,13,29.1,39.3
2023-10-02 00:45:00,9,19.4,45.7,12,25.8,41.4,1,0.0,59.7,19,42.8,30.1,10,20.5,45.0,6,10.4,51.8
2023-10-02 00:50:00,1,0.0,59.6,14,32.4,37.0,23,52.6,23.6,14,30.3,38.5,17,38.1,33.3,17,38.7,32.9
2023-10-02 00:55:00,13,29.9,38.7,14,30.5,38.3,4,7.1,53.9,10,21.5,44.3,8,17.3,47.1,3,4.6,55.6
2023-10-02 01:00:00,22,50.9,24.7,10,20.7,44.9,21,47.9,26.7,15,34.6,35.6,13,28.6,39.6,2,1.5,57.7
2023-10-02 01:05:00,2,2.0,57.3,14,31.1,38.0,18,40.3,31.8,12,25.1,41.9,11,24.8,42.1,8,16.6,47.6
2023-10-02 01:10:00,17,38.0,33.4,25,58.5,19.7,15,33.7,36.2,14,30.7,38.2,8,16.5,47.7,23,54.3,22.5
2023-10-02 01:15:00,10,20.1,45.3,10,20.9,44.7,6,12.2,50.5,7,12.7,50.2,8,17.1,47.3,23,53.5,23.0
2023-10-02 01:20:00,11,24.1,42.6,14,31.3,37.8,12,27.3,40.5,24,56.1,21.3,13,29.4,39.1,9,18.2,46.5
2023-10-02 01:25:00,5,9.2,52.5,19,43.9,29.4,9,17.9,46.7,8,16.3,47.8,6,10.3,51.8,7,14.9,48.7
2023-10-02 01:30:00,9,20.0,45.3,18,42.1,30.6,12,25.4,41.7,21,48.3,26.4,14,31.8,37.5,2,0.4,58.4
2023-10-02 01:35:00,19,44.5,29.0,12,25.2,41.9,10,21.3,44.5,10,22.2,43.9,9,17.9,46.7,12,26.2,41.2
2023-10-02 01:40:00,15,33.7,36.2,0,0.0,60.0,0,0.0,60.0,16,37.1,33.9,12,26.9,40.7,12,27.4,40.4
2023-10-02 01:45:00,22,51.0,24.7,15,32.8,36.8,18,41.8,30.8,16,36.0,34.7,20,45.8,28.2,16,36.8,34.1
2023-10-02 01:50:00,19,42.7,30.2,0,0.0,60.0,11,23.8,42.8,18,42.2,30.5,10,22.5,43.7,17,38.7,32.9
2023-10-02 01:55:00,14,31.6,37.6,20,47.1,27.3,9,17.7,46.8,6,12.4,50.4,17,38.8,32.8,10,22.0,44.0
2023-10-02 02:00:00,22,51.2,24.6,13,27.5,40.3,8,16.6,47.6,18,41.1,31.2,1,0.0,59.9,15,33.3,36.4
2023-10-02 02:05:00,14,31.6,37.6,17,40.0,32.0,14,30.4,38.4,23,52.7,23.5,9,17.9,46.7,7,14.5,49.0
2023-10-02 02:10:00,16,37.4,33.7,6,11.5,51.0,6,11.6,50.9,10,21.1,44.6,12,25.4,41.7,15,33.1,36.6
2023-10-02 02:15:00,10,20.6,45.0,2,1.7,57.5,0,0.0,60.0,12,25.5,41.6,23,53.9,22.8,8,17.4,47.1
2023-10-02 02:20:00,12,26.0,41.3,13,28.9,39.4,14,31.1,37.9,8,17.2,47.2,0,0.0,60.0,14,31.9,37.4
2023-10-02 02:25:00,7,14.5,49.0,11,24.5,42.3,15,32.8,36.8,9,19.8,45.5,11,23.6,43.0,14,30.7,38.2
2023-10-02 02:30:00,17,39.9,32.1,9,17.6,46.9,10,22.0,44.0,22,50.7,24.9,20,46.9,27.4,12,26.0,41.3
2023-10-02 02:35:00,4,7.3,53.8,12,26.3,41.1,5,7.8,53.5,5,10.0,52.0,7,13.2,49.8,16,36.9,34.0
2023-10-02 02:40:00,16,36.8,34.2,28,66.5,14.3,12,26.4,41.1,6,10.9,51.4,10,21.8,44.1,2,1.5,57.7
2023-10-02 02:45:00,10,22.2,43.9,17,37.5,33.6,3,3.1,56.6,21,49.2,25.9,13,30.0,38.7,5,9.0,52.6
2023-10-02 02:50:00,19,42.6,30.3,18,40.8,31.5,5,9.6,52.3,15,34.4,35.7,13,27.8,40.1,10,21.0,44.7
2023-10-02 02:55:00,16,36.3,34.5,17,37.7,33.5,7,13.8,49.5,24,56.8,20.8,21,48.5,26.3,3,3.4,56.4
2023-10-02 03:00:00,22,52.3,23.8,20,47.2,27.2,17,37.7,33.5,9,18.3,46.5,14,31.8,37.5,9,18.9,46.0
2023-10-02 03:05:00,16,36.0,34.7,10,22.2,43.9,9,19.6,45.6,12,26.9,40.7,19,45.0,28.7,9,19.4,45.7
2023-10-02 03:10:00,2,1.5,57.7,0,0.0,60.0,9,18.3,46.5,8,15.1,48.6,9,19.7,45.6,19,44.7,28.9
2023-10-02 03:15:00,11,24.1,42.6,10,22.2,43.9,23,54.4,22.4,12,27.2,40.5,7,14.0,49.4,12,27.2,40.5
2023-10-02 03:20:00,4,7.5,53.7,16,37.3,33.8,14,30.4,38.4,1,0.0,59.7,10,21.7,44.2,18,40.5,31.7
2023-10-02 03:25:00,8,17.3,47.1,6,10.5,51.7,14,30.2,38.6,16,35.4,35.1,5,7.7,53.5,13,29.6,38.9
2023-10-02 03:30:00,21,47.8,26.8,10,22.5,43.7,9,19.6,45.6,13,30.0,38.7,14,32.4,37.1,8,17.1,47.3
2023-10-02 03:35:00,15,34.7,35.6,7,14.8,48.9,8,16.2,47.9,11,24.3,42.5,9,19.3,45.8,12,27.1,40.6
2023-10-02 03:40:00,7,14.7,48.9,21,47.7,26.9,0,0.0,60.0,9,19.3,45.8,8,15.1,48.6,16,36.1,34.6
2023-10-02 03:45:00,5,10.0,52.0,16,36.4,34.4,17,39.7,32.2,6,11.8,50.9,15,32.7,36.9,19,43.1,30.0
2023-10-02 03:50:00,12,25.7,41.6,15,35.0,35.4,14,31.9,37.4,16,36.1,34.6,5,8.1,53.3,11,23.2,43.2
2023-10-02 03:55:00,4,7.0,54.0,15,34.6,35.7,10,22.6,43.7,5,7.7,53.6,16,36.8,34.2,2,0.5,58.4
2023-10-02 04:00:00,8,15.2,48.6,11,24.7,42.2,11,23.2,43.2,15,33.0,36.7,9,18.1,46.6,1,0.0,59.0
2023-10-02 04:05:00,13,30.0,38.7,13,28.3,39.9,16,36.4,34.5,24,56.4,21.1,19,42.7,30.2,10,20.4,45.1
2023-10-02 04:10:00,19,42.7,30.3,4,7.6,53.7,2,2.1,57.4,20,47.7,27.0,9,19.5,45.7,0,0.0,60.0
2023-10-02 04:15:00,15,34.6,35.7,0,0.0,60.0,8,16.6,47.7,3,2.9,56.8,15,34.9,35.5,22,52.4,23.8
2023-10-02 04:20:00,0,0.0,60.0,13,27.8,40.2,5,8.5,53.1,8,17.5,47.1,13,28.2,40.0,15,34.5,35.8
2023-10-02 04:25:00,13,30.1,38.7,14,30.4,38.5,22,52.1,24.0,14,31.9,37.5,16,36.7,34.3,8,16.0,48.1
2023-10-02 04:30:00,12,26.7,41.0,19,43.8,29.6,17,38.8,32.9,11,24.6,42.4,12,27.3,40.6,5,9.0,52.8
2023-10-02 04:35:00,14,32.0,37.5,21,49.3,25.9,0,0.0,60.0,3,4.8,55.6,2,0.8,58.3,18,41.2,31.3
2023-10-02 04:40:00,21,50.1,25.4,21,49.4,25.9,3,3.1,56.7,14,31.6,37.7,18,41.0,31.5,5,9.1,52.7
2023-10-02 04:45:00,0,0.0,60.0,6,11.0,51.5,11,24.0,42.8,12,25.8,41.6,11,24.6,42.4,6,10.7,51.7
2023-10-02 04:50:00,8,17.2,47.4,10,20.8,45.0,9,19.0,46.2,23,54.8,22.3,16,37.9,33.6,7,14.6,49.1
2023-10-02 04:55:00,15,35.1,35.5,15,33.4,36.6,4,6.3,54.6,10,22.4,43.9,16,36.6,34.5,12,27.9,40.3
2023-10-02 05:00:00,3,5.6,55.6,28,67.3,14.5,24,58.5,20.4,19,46.9,28.1,8,17.8,47.6,16,38.7,33.6
2023-10-02 05:05:00,21,51.6,25.0,21,51.7,24.9,14,34.2,36.6,5,10.5,52.4,7,15.8,48.9,20,47.4,27.8
2023-10-02 05:10:00,15,35.2,36.0,19,46.5,28.5,15,36.8,34.9,6,14.3,49.9,16,39.5,33.1,19,45.4,29.2
2023-10-02 05:15:00,18,42.6,31.1,10,24.0,43.4,8,19.5,46.5,17,40.7,32.4,11,25.3,42.6,12,29.9,39.6
2023-10-02 05:20:00,9,21.5,45.2,7,16.8,48.3,17,40.9,32.2,19,46.3,28.6,18,44.1,30.1,19,45.4,29.3
2023-10-02 05:25:00,17,42.5,31.2,17,42.1,31.5,10,24.6,43.2,7,15.9,48.9,11,27.6,41.1,9,20.2,46.1
2023-10-02 05:30:00,19,46.5,28.6,6,14.0,50.3,11,26.2,42.1,13,30.9,39.0,19,45.8,29.0,2,3.2,57.5
2023-10-02 05:35:00,14,34.2,36.8,11,27.2,41.5,16,39.9,33.0,4,10.0,53.0,15,37.1,34.9,9,20.7,45.8
2023-10-02 05:40:00,14,34.5,36.7,12,29.3,40.2,3,6.5,55.3,12,28.3,40.8,14,35.3,36.1,8,18.9,47.1
2023-10-02 05:45:00,14,35.3,36.2,22,55.1,22.9,22,55.2,22.9,18,43.8,30.5,11,25.6,42.6,9,21.8,45.2
2023-10-02 05:50:00,8,18.6,47.4,11,26.2,42.3,14,34.3,36.9,10,25.0,43.1,14,35.0,36.4,7,17.1,48.3
2023-10-02 05:55:00,12,29.6,40.1,0,0.0,60.0,21,51.0,25.8,11,28.1,41.1,20,49.7,26.7,10,24.9,43.2
2023-10-02 06:00:00,12,29.8,40.0,16,39.7,33.4,6,16.0,49.2,6,15.2,49.7,13,31.3,39.0,17,41.4,32.2
2023-10-02 06:05:00,15,38.2,34.5,9,21.9,45.3,7,18.6,47.5,9,22.7,44.8,16,40.4,33.0,23,58.1,21.1
2023-10-02 06:10:00,19,47.7,28.1,13,33.4,37.7,6,15.3,49.7,24,59.1,20.5,13,33.4,37.7,3,6.9,55.4
2023-10-02 06:15:00,7,17.2,48.6,13,31.8,38.8,15,36.8,35.5,14,34.2,37.2,14,34.9,36.7,5,13.7,50.8
2023-10-02 06:20:00,12,31.5,39.1,12,29.3,40.5,14,34.4,37.1,7,18.4,47.8,24,59.2,20.6,8,21.5,45.7
2023-10-02 06:25:00,22,56.0,22.8,18,45.6,29.7,10,26.8,42.3,11,29.0,40.8,20,51.8,25.6,18,45.2,30.0
2023-10-02 06:30:00,9,22.9,44.9,4,11.1,52.8,7,18.9,47.6,4,10.1,53.4,14,35.3,36.7,12,31.0,39.5
2023-10-02 06:35:00,8,22.1,45.5,10,26.6,42.5,6,15.4,50.0,7,19.2,47.4,15,37.6,35.2,9,23.5,44.5
2023-10-02 06:40:00,15,37.8,35.1,18,45.0,30.3,13,34.0,37.6,22,55.1,23.5,9,24.2,44.2,18,45.5,30.0
2023-10-02 06:45:00,19,47.7,28.5,10,25.9,43.1,11,28.1,41.6,13,32.9,38.4,12,32.5,38.7,19,49.4,27.4
2023-10-02 06:50:00,14,35.6,36.7,4,11.3,52.9,9,25.1,43.7,25,63.8,17.9,15,40.0,33.7,13,35.1,37.0
2023-10-02 06:55:00,22,55.6,23.4,18,45.7,30.0,23,58.9,21.2,13,34.3,37.6,19,48.5,28.1,9,23.5,44.8
2023-10-02 07:00:00,19,48.9,27.9,20,52.9,25.3,13,34.8,37.3,13,35.5,36.9,18,47.2,29.0,15,40.1,33.8
2023-10-02 07:05:00,19,48.9,27.9,13,35.6,36.8,21,55.3,23.7,18,45.9,29.9,7,19.7,47.4,12,32.8,38.7
2023-10-02 07:10:00,17,44.9,30.7,2,7.2,55.8,11,28.6,41.5,0,0.0,60.0,20,51.2,26.4,12,33.0,38.6
2023-10-02 07:15:00,28,71.7,12.8,18,47.4,29.0,15,40.5,33.6,15,39.9,34.0,13,35.5,37.0,11,29.1,41.2
2023-10-02 07:20:00,13,34.0,38.0,4,12.2,52.6,14,36.2,36.5,14,36.3,36.5,8,22.3,45.8,19,50.9,26.7
2023-10-02 07:25:00,2,7.2,55.9,16,41.9,32.8,4,11.8,52.8,23,59.6,21.0,22,57.3,22.5,15,41.0,33.4
2023-10-02 07:30:00,24,61.5,19.7,9,24.1,44.6,23,58.9,21.5,20,51.9,26.1,23,59.4,21.1,20,53.0,25.4
2023-10-02 07:35:00,11,30.8,40.3,7,20.2,47.3,13,35.6,37.0,7,20.6,47.0,16,41.6,33.1,22,57.7,22.3
2023-10-02 07:40:00,15,39.4,34.5,11,31.1,40.0,19,49.0,28.2,22,56.4,23.2,18,48.4,28.5,17,44.6,31.0
2023-10-02 07:45:00,22,57.5,22.5,13,35.1,37.4,10,26.6,43.1,12,33.9,38.2,19,49.4,27.9,11,30.3,40.6
2023-10-02 07:50:00,4,13.9,51.6,10,28.3,42.0,13,35.5,37.2,9,24.4,44.6,22,58.9,21.6,20,53.5,25.1
2023-10-02 07:55:00,7,19.2,48.0,18,46.8,29.6,9,25.0,44.2,15,40.9,33.5,18,48.9,28.2,17,45.0,30.9
2023-10-02 08:00:00,4,14.0,51.5,11,31.3,40.0,22,56.5,23.1,13,35.0,37.5,6,18.1,48.8,30,77.1,9.5
2023-10-02 08:05:00,9,26.1,43.4,20,52.7,25.7,16,42.7,32.4,23,61.1,20.1,26,68.1,15.4,16,42.6,32.4
2023-10-02 08:10:00,17,44.5,31.1,16,42.2,32.7,16,43.4,31.9,16,43.0,32.1,20,53.9,24.9,18,48.4,28.6
2023-10-02 08:15:00,17,45.7,30.3,10,27.4,42.5,22,58.2,22.0,15,40.9,33.5,11,30.2,40.7,16,42.2,32.7
2023-10-02 08:20:00,16,41.9,32.9,9,24.8,44.3,21,55.1,24.1,19,51.3,26.6,8,22.3,45.9,13,36.3,36.6
2023-10-02 08:25:00,6,16.4,49.8,4,12.9,52.2,19,49.1,28.0,21,54.0,24.8,17,45.2,30.6,12,33.7,38.3
2023-10-02 08:30:00,0,2.8,58.9,16,41.8,32.9,5,16.1,50.0,19,49.2,27.9,12,33.3,38.6,16,41.9,32.8
2023-10-02 08:35:00,14,38.1,35.3,12,32.0,39.4,10,26.8,42.8,22,58.6,21.7,16,42.2,32.6,17,45.1,30.7
2023-10-02 08:40:00,11,30.0,40.7,0,1.5,59.7,8,22.0,46.0,18,46.2,29.9,18,48.2,28.5,21,54.4,24.4
2023-10-02 08:45:00,17,43.7,31.5,11,28.8,41.4,18,47.7,28.8,15,39.3,34.4,10,28.3,41.8,16,41.5,33.0
2023-10-02 08:50:00,18,47.1,29.2,8,23.1,45.2,15,39.1,34.5,21,55.2,23.8,7,19.8,47.4,11,29.6,40.8
2023-10-02 08:55:00,15,38.4,35.0,23,59.9,20.6,5,15.4,50.3,13,34.9,37.3,16,42.1,32.5,12,31.4,39.6
2023-10-02 09:00:00,18,47.4,28.9,3,10.5,53.5,13,33.2,38.4,14,36.5,36.2,11,28.0,41.8,6,16.2,49.7
2023-10-02 09:05:00,15,39.1,34.4,5,14.1,51.1,5,13.3,51.6,24,61.5,19.4,15,37.9,35.2,24,60.6,20.0
2023-10-02 09:10:00,17,43.3,31.5,20,52.0,25.7,13,34.6,37.3,23,59.7,20.6,6,15.2,50.2,10,27.3,42.2
2023-10-02 09:15:00,9,24.5,44.0,22,55.4,23.4,4,10.2,53.5,13,34.9,37.0,12,31.3,39.5,19,49.6,27.3
2023-10-02 09:20:00,12,32.0,38.9,9,23.6,44.6,17,42.7,31.8,11,27.9,41.7,18,45.5,30.0,15,38.9,34.4
2023-10-02 09:25:00,15,37.4,35.3,10,24.9,43.6,16,40.1,33.5,22,56.4,22.7,17,43.5,31.2,15,39.0,34.3
2023-10-02 09:30:00,18,46.4,29.3,17,43.3,31.3,25,62.7,18.4,18,46.1,29.5,9,22.2,45.3,13,32.3,38.6
2023-10-02 09:35:00,11,27.8,41.6,0,0.0,60.0,18,46.5,29.2,15,38.5,34.5,6,16.2,49.3,9,21.9,45.5
2023-10-02 09:40:00,16,41.2,32.6,2,5.5,56.4,11,27.1,42.0,11,28.6,41.0,13,33.6,37.6,7,18.9,47.5
2023-10-02 09:45:00,12,29.1,40.6,11,28.9,40.8,18,45.3,29.8,15,38.0,34.6,16,41.5,32.4,23,59.0,20.7
2023-10-02 09:50:00,12,31.0,39.3,22,56.0,22.6,5,11.8,52.1,13,32.4,38.3,15,38.8,34.1,14,34.5,37.0
2023-10-02 09:55:00,18,44.9,30.0,10,25.9,42.6,7,18.0,47.9,9,22.5,44.9,10,24.7,43.4,20,49.3,27.0
2023-10-02 10:00:00,1,2.2,58.4,14,33.6,37.4,15,37.1,35.1,14,34.1,37.1,15,36.6,35.5,21,52.9,24.6
2023-10-02 10:05:00,5,12.4,51.6,20,48.8,27.3,0,0.0,60.0,14,35.8,35.9,22,54.4,23.6,10,25.7,42.7
2023-10-02 10:10:00,4,9.3,53.6,25,63.1,17.7,13,31.0,39.1,11,25.9,42.5,14,34.6,36.7,15,37.9,34.5
2023-10-02 10:15:00,0,0.0,60.0,9,22.6,44.6,7,16.0,49.1,18,44.8,29.8,3,6.8,55.2,13,31.9,38.4
2023-10-02 10:20:00,9,20.8,45.8,13,30.7,39.2,13,32.5,38.0,20,50.3,26.1,14,34.0,37.0,6,13.6,50.6
2023-10-02 10:25:00,17,42.0,31.6,24,58.1,20.9,6,14.6,49.9,18,45.3,29.4,25,61.4,18.7,12,28.0,41.0
2023-10-02 10:30:00,11,26.2,42.1,3,7.7,54.5,15,36.9,35.0,11,26.4,42.0,5,11.2,52.1,16,39.3,33.4
2023-10-02 10:35:00,14,33.3,37.4,19,45.7,29.1,13,30.6,39.2,17,41.6,31.8,13,30.7,39.1,10,22.8,44.3
2023-10-02 10:40:00,19,46.4,28.6,6,14.8,49.6,21,51.1,25.4,13,31.3,38.7,11,26.7,41.7,11,25.2,42.7
2023-10-02 10:45:00,20,49.8,26.3,13,31.4,38.5,13,30.0,39.5,5,11.4,51.9,13,31.3,38.6,11,27.3,41.3
2023-10-02 10:50:00,12,28.7,40.3,11,26.1,42.1,8,18.2,47.3,16,39.8,32.9,14,32.6,37.7,25,61.4,18.5
2023-10-02 10:55:00,21,49.9,26.2,7,15.2,49.3,11,25.9,42.2,13,31.8,38.3,19,46.7,28.3,1,2.1,58.1
2023-10-02 11:00:00,13,30.8,38.9,6,14.7,49.6,4,9.3,53.2,28,68.3,13.9,13,30.7,38.9,15,36.9,34.8
2023-10-02 11:05:00,7,16.7,48.2,14,33.4,37.1,15,35.4,35.8,21,51.1,25.3,20,48.4,27.1,11,25.5,42.4
2023-10-02 11:10:00,9,20.2,45.9,18,44.1,30.0,16,38.0,34.0,17,39.8,32.8,12,27.4,41.1,8,19.5,46.3
2023-10-02 11:15:00,3,6.8,54.8,12,27.1,41.3,27,66.1,15.3,14,32.8,37.5,10,23.8,43.5,11,24.9,42.8
2023-10-02 11:20:00,7,15.6,48.9,13,30.0,39.3,9,19.6,46.2,13,31.4,38.4,8,18.9,46.7,16,39.0,33.4
2023-10-02 11:25:00,10,23.5,43.6,16,37.4,34.4,11,24.8,42.7,6,13.8,50.1,1,1.6,58.2,17,39.7,32.8
2023-10-02 11:30:00,17,40.8,32.1,6,14.2,49.8,9,20.2,45.9,2,2.7,57.5,14,32.9,37.3,13,31.6,38.2
2023-10-02 11:35:00,23,54.5,22.9,17,39.8,32.7,14,31.9,38.0,7,15.6,48.9,25,59.5,19.6,19,45.1,29.2
2023-10-02 11:40:00,4,7.9,54.0,17,41.0,32.0,15,34.4,36.3,12,28.0,40.6,15,35.5,35.6,20,47.7,27.5
2023-10-02 11:45:00,15,34.5,36.3,28,67.7,14.1,12,27.8,40.7,0,0.0,60.0,16,38.9,33.3,17,40.9,32.0
2023-10-02 11:50:00,6,13.0,50.6,10,23.0,44.0,19,44.9,29.3,9,20.4,45.6,10,22.4,44.3,9,20.4,45.7
2023-10-02 11:55:00,15,35.7,35.5,9,21.7,44.8,9,19.3,46.4,11,24.9,42.7,11,24.9,42.7,15,36.0,35.3
2023-10-02 12:00:00,11,26.6,41.5,17,40.1,32.5,18,43.4,30.4,11,25.3,42.4,18,43.3,30.4,15,36.0,35.2
2023-10-02 12:05:00,1,1.1,58.5,17,40.8,32.0,15,36.6,34.8,8,18.6,46.8,24,58.7,20.1,7,16.3,48.4
2023-10-02 12:10:00,18,42.5,30.9,9,20.5,45.6,12,28.4,40.3,10,23.4,43.6,21,50.9,25.3,3,5.0,55.9
2023-10-02 12:15:00,9,19.5,46.3,10,22.5,44.2,10,23.8,43.4,23,54.4,23.0,17,40.6,32.2,0,0.0,60.0
2023-10-02 12:20:00,9,20.6,45.5,15,36.7,34.8,27,65.0,15.9,16,38.5,33.6,12,29.1,39.9,13,29.6,39.5
2023-10-02 12:25:00,6,12.6,50.9,7,16.2,48.5,7,16.4,48.4,9,20.2,45.8,13,31.8,38.1,14,33.1,37.2
2023-10-02 12:30:00,8,18.8,46.7,10,22.5,44.3,14,33.1,37.2,12,27.6,40.9,8,17.3,47.7,5,10.9,52.0
2023-10-02 12:35:00,15,35.1,35.9,13,30.0,39.3,8,17.4,47.7,12,28.3,40.4,4,7.0,54.6,19,44.4,29.7
2023-10-02 12:40:00,11,25.9,42.0,18,43.7,30.2,23,55.5,22.3,8,17.2,47.8,5,11.8,51.4,13,31.0,38.6
2023-10-02 12:45:00,14,33.7,36.8,9,19.7,46.2,18,42.1,31.2,8,17.2,47.8,13,29.5,39.6,20,49.0,26.6
2023-10-02 12:50:00,14,34.3,36.5,1,1.2,58.5,8,18.7,46.9,18,44.0,30.0,11,24.5,43.0,14,34.4,36.4
2023-10-02 12:55:00,20,48.7,26.8,1,0.2,59.2,15,36.6,34.9,10,22.6,44.2,3,6.9,54.7,6,12.9,50.7
2023-10-02 13:00:00,10,23.9,43.4,5,10.1,52.6,14,32.9,37.4,6,12.6,51.0,12,28.4,40.4,15,35.9,35.4
2023-10-02 13:05:00,3,6.9,54.7,4,9.4,53.1,9,21.3,45.1,12,28.4,40.4,10,24.3,43.1,16,39.1,33.3
2023-10-02 13:10:00,19,45.2,29.2,11,26.9,41.5,17,40.5,32.3,13,30.9,38.7,5,11.6,51.6,9,21.0,45.4
2023-10-02 13:15:00,10,24.3,43.2,5,11.4,51.8,15,35.1,36.0,1,0.0,59.6,10,23.7,43.6,4,7.6,54.3
2023-10-02 13:20:00,19,46.1,28.7,8,18.8,46.8,14,32.6,37.6,12,28.8,40.2,10,24.6,43.0,13,30.9,38.8
2023-10-02 13:25:00,15,35.3,35.9,8,17.9,47.5,12,28.9,40.2,18,42.5,31.1,9,20.3,45.9,6,14.5,49.8
2023-10-02 13:30:00,12,27.7,41.0,10,23.0,44.1,15,36.1,35.4,15,36.4,35.2,18,43.5,30.4,19,46.4,28.5
2023-10-02 13:35:00,15,35.0,36.1,20,49.6,26.4,14,33.2,37.3,26,63.2,17.3,1,1.2,58.6,10,23.7,43.7
2023-10-02 13:40:00,24,59.2,20.0,16,39.8,32.9,13,30.8,38.9,20,48.7,27.0,1,0.1,59.4,23,55.8,22.3
2023-10-02 13:45:00,25,61.2,18.7,13,30.3,39.3,9,20.5,45.9,21,51.8,25.0,13,30.1,39.4,0,0.0,60.0
2023-10-02 13:50:00,13,31.3,38.7,10,23.3,44.0,23,55.6,22.4,29,72.2,11.4,13,31.7,38.4,13,32.3,38.0
2023-10-02 13:55:00,14,32.8,37.7,10,23.9,43.6,6,14.7,49.8,17,41.8,31.7,15,36.5,35.3,21,51.9,25.0
2023-10-02 14:00:00,19,46.7,28.4,15,35.5,35.9,15,37.0,34.9,14,33.0,37.6,9,22.5,44.6,7,17.2,48.1
2023-10-02 14:05:00,8,18.1,47.6,16,39.6,33.3,11,26.0,42.3,19,45.4,29.4,7,17.0,48.3,12,28.4,40.7
2023-10-02 14:10:00,15,36.0,35.7,7,17.4,48.1,23,57.4,21.4,9,22.6,44.6,13,30.9,39.1,10,24.9,43.0
2023-10-02 14:15:00,13,30.8,39.2,13,31.8,38.5,7,17.7,47.9,13,32.8,37.8,10,24.6,43.3,9,20.9,45.7
2023-10-02 14:20:00,15,36.1,35.6,1,1.0,59.1,8,20.4,46.1,9,21.7,45.3,22,54.7,23.3,14,35.1,36.3
2023-10-02 14:25:00,8,19.2,47.0,14,34.8,36.6,7,17.1,48.4,15,37.6,34.7,11,26.8,41.9,5,12.2,51.6
2023-10-02 14:30:00,3,8.1,54.4,17,43.3,30.9,15,36.7,35.3,9,22.1,45.1,13,31.1,39.1,12,30.2,39.7
2023-10-02 14:35:00,0,1.0,59.2,11,27.9,41.2,5,11.5,52.2,9,21.8,45.3,28,69.3,13.7,16,39.9,33.3
2023-10-02 14:40:00,6,15.6,49.5,24,59.6,20.1,10,25.2,43.1,15,38.6,34.2,12,29.5,40.2,12,29.2,40.5
2023-10-02 14:45:00,10,25.8,42.8,8,19.4,47.0,0,0.4,59.7,12,30.6,39.5,16,41.0,32.6,7,17.7,48.2
2023-10-02 14:50:00,11,28.5,41.0,14,36.2,35.9,15,36.5,35.6,2,4.0,57.3,17,42.6,31.6,19,48.4,27.7
2023-10-02 14:55:00,25,62.3,18.5,13,32.7,38.3,10,25.7,42.9,4,11.4,52.5,18,44.2,30.6,18,44.2,30.6
2023-10-02 15:00:00,20,50.1,26.7,13,32.0,38.8,4,11.2,52.6,6,16.3,49.2,15,37.8,34.9,7,17.9,48.2
2023-10-02 15:05:00,7,19.4,47.2,13,32.1,38.8,20,50.1,26.8,8,20.5,46.4,14,36.7,35.7,5,14.4,50.5
2023-10-02 15:10:00,15,39.3,34.0,14,35.7,36.4,5,14.5,50.5,16,40.3,33.3,14,35.6,36.5,8,19.8,47.0
2023-10-02 15:15:00,11,28.3,41.4,18,47.1,28.8,18,46.3,29.3,15,37.7,35.1,10,25.7,43.1,17,42.6,31.9
2023-10-02 15:20:00,12,30.4,40.0,22,55.3,23.4,9,24.2,44.2,20,50.7,26.5,15,39.6,33.9,15,38.8,34.4
2023-10-02 15:25:00,15,37.8,35.2,13,34.9,37.0,23,59.0,21.0,18,46.3,29.5,26,65.4,16.7,18,46.8,29.1
2023-10-02 15:30:00,17,44.6,30.7,18,47.5,28.7,18,46.5,29.4,20,51.4,26.1,21,53.4,24.8,12,30.4,40.1
2023-10-02 15:35:00,12,30.5,40.1,9,25.1,43.7,8,20.5,46.8,17,44.7,30.6,15,40.1,33.7,8,21.7,46.0
2023-10-02 15:40:00,20,51.8,25.9,18,47.4,28.9,8,22.1,45.7,15,39.0,34.5,19,48.7,28.0,19,49.7,27.4
2023-10-02 15:45:00,7,19.1,47.8,9,24.8,44.0,17,45.3,30.4,20,52.7,25.4,9,23.1,45.1,10,27.9,41.9
2023-10-02 15:50:00,14,36.6,36.2,20,52.8,25.4,12,32.5,38.9,19,50.3,27.1,12,32.6,38.9,15,39.3,34.4
2023-10-02 15:55:00,29,75.7,10.1,27,69.9,14.0,13,34.2,37.8,16,42.4,32.4,20,51.0,26.6,5,13.5,51.6
2023-10-02 16:00:00,15,40.4,33.7,13,35.2,37.2,22,56.1,23.2,22,56.1,23.3,23,59.4,21.1,10,28.5,41.7
2023-10-02 16:05:00,23,58.8,21.5,1,4.4,57.8,9,26.1,43.3,0,2.2,59.3,9,25.8,43.5,20,52.5,25.7
2023-10-02 16:10:00,15,39.0,34.8,11,29.4,41.2,15,39.0,34.8,12,33.3,38.6,11,30.4,40.5,10,26.9,42.9
2023-10-02 16:15:00,18,46.6,29.8,21,56.3,23.2,20,52.2,26.0,12,33.3,38.6,27,70.6,13.8,19,50.1,27.4
2023-10-02 16:20:00,14,37.3,36.0,17,46.4,29.9,19,50.3,27.3,21,55.4,23.9,15,39.6,34.5,0,3.2,58.7
2023-10-02 16:25:00,13,35.8,37.0,16,42.1,32.8,13,36.0,36.9,24,61.9,19.6,25,65.7,17.1,11,30.0,40.9
2023-10-02 16:30:00,10,26.9,43.0,20,53.7,25.1,12,34.3,38.1,6,16.8,49.7,15,41.7,33.1,13,36.0,36.9
2023-10-02 16:35:00,17,45.3,30.8,17,46.1,30.3,4,12.7,52.5,23,60.0,21.0,16,42.5,32.6,25,64.9,17.7
2023-10-02 16:40:00,9,26.2,43.5,22,57.3,22.8,8,23.2,45.6,7,21.4,46.7,12,34.4,38.1,7,21.5,46.7
2023-10-02 16:45:00,18,49.2,28.3,20,53.0,25.7,16,44.0,31.7,7,22.1,46.3,20,53.3,25.5,18,49.3,28.2
2023-10-02 16:50:00,21,55.6,24.0,24,62.2,19.6,14,37.3,36.2,13,35.8,37.2,23,59.7,21.2,21,55.2,24.3
2023-10-02 16:55:00,17,45.0,31.1,17,44.9,31.2,15,40.6,34.0,12,34.7,37.9,8,24.0,45.1,10,28.7,42.0
2023-10-02 17:00:00,13,35.3,37.5,20,53.2,25.6,21,55.2,24.3,5,16.3,50.3,12,34.3,38.2,12,34.0,38.4
2023-10-02 17:05:00,17,46.6,30.1,13,35.1,37.7,7,21.9,46.5,18,49.5,28.1,20,53.5,25.5,15,41.9,33.2
2023-10-02 17:10:00,13,35.2,37.7,11,30.8,40.6,13,36.3,36.9,19,50.0,27.8,14,37.9,35.9,6,17.6,49.4
2023-10-02 17:15:00,20,53.9,25.2,25,65.5,17.5,16,42.7,32.7,21,55.7,24.0,12,32.5,39.5,12,33.1,39.1
2023-10-02 17:20:00,4,12.5,52.8,16,43.2,32.4,10,29.4,41.6,12,33.5,38.9,21,55.1,24.4,22,59.1,21.8
2023-10-02 17:25:00,12,35.0,37.9,19,52.1,26.5,23,61.5,20.2,14,39.4,34.9,21,56.5,23.5,18,47.8,29.3
2023-10-02 17:30:00,3,10.1,54.4,15,41.9,33.3,20,53.6,25.4,14,39.5,34.8,12,33.3,39.0,14,37.6,36.1
2023-10-02 17:35:00,6,17.6,49.5,11,31.2,40.4,16,44.3,31.6,25,65.3,17.6,16,43.2,32.4,15,41.7,33.4
2023-10-02 17:40:00,23,60.4,20.9,15,40.1,34.4,25,66.9,16.6,0,0.0,60.0,7,21.8,46.6,18,48.7,28.7
2023-10-02 17:45:00,20,53.3,25.6,23,61.4,20.2,5,17.4,49.5,9,25.6,44.1,9,26.5,43.5,19,51.5,26.8
2023-10-02 17:50:00,10,29.0,41.8,18,48.2,29.0,14,39.7,34.7,15,39.9,34.5,15,41.7,33.3,11,31.5,40.1
2023-10-02 17:55:00,5,17.2,49.7,4,14.1,51.7,17,45.2,31.0,8,23.5,45.5,15,40.2,34.3,24,62.8,19.3
2023-10-02 18:00:00,0,0.0,60.0,13,36.4,36.8,9,25.9,43.8,13,35.8,37.3,9,25.1,44.4,22,59.4,21.5
2023-10-02 18:05:00,11,31.3,40.2,25,66.2,16.9,16,44.0,31.7,14,37.6,36.0,10,28.8,41.9,18,49.7,28.0
2023-10-02 18:10:00,29,75.7,10.6,13,36.1,37.0,8,22.8,45.9,10,29.5,41.4,8,23.4,45.5,9,26.7,43.3
2023-10-02 18:15:00,17,45.7,30.6,4,12.2,52.9,18,49.5,28.0,15,40.2,34.3,17,46.0,30.4,8,23.9,45.1
2023-10-02 18:20:00,11,30.6,40.6,26,67.4,16.1,21,54.9,24.4,18,48.4,28.7,2,9.5,54.7,12,34.1,38.3
2023-10-02 18:25:00,17,45.8,30.4,18,49.0,28.3,16,42.9,32.4,13,35.3,37.5,8,23.6,45.2,15,39.7,34.5
2023-10-02 18:30:00,5,15.2,50.8,14,37.5,35.9,3,10.8,53.7,11,31.8,39.7,3,10.6,53.8,4,12.1,52.9
2023-10-02 18:35:00,12,33.9,38.3,12,32.8,39.0,8,23.9,45.0,13,35.9,37.0,17,44.6,31.1,17,45.8,30.4
2023-10-02 18:40:00,15,39.6,34.4,21,54.4,24.6,18,46.6,29.8,14,38.0,35.5,3,11.1,53.5,22,57.4,22.6
2023-10-02 18:45:00,14,36.6,36.4,11,29.7,41.0,14,38.2,35.4,4,11.8,53.0,14,38.3,35.2,18,46.5,29.8
2023-10-02 18:50:00,19,49.5,27.8,21,54.8,24.2,0,0.0,60.0,17,44.5,31.1,24,62.2,19.3,10,27.5,42.5
2023-10-02 18:55:00,16,42.5,32.4,17,45.5,30.4,21,56.0,23.4,11,30.6,40.3,24,62.4,19.1,9,25.4,43.8
2023-10-02 19:00:00,18,47.1,29.3,15,40.7,33.5,15,39.1,34.6,21,56.0,23.4,3,10.0,54.0,16,41.6,33.0
2023-10-02 19:05:00,10,26.4,43.0,15,39.0,34.7,9,24.5,44.3,17,45.6,30.2,16,41.2,33.1,13,34.5,37.6
2023-10-02 19:10:00,19,49.9,27.3,13,33.9,38.0,20,51.4,26.3,21,54.0,24.6,8,21.6,46.1,16,43.1,31.8
2023-10-02 19:15:00,24,60.6,20.1,20,51.9,26.0,10,26.0,43.2,8,21.0,46.5,7,18.3,48.3,17,45.2,30.4
2023-10-02 19:20:00,8,21.3,46.3,8,22.9,45.2,10,25.6,43.4,11,30.3,40.3,13,34.2,37.7,20,52.3,25.6
2023-10-02 19:25:00,8,22.3,45.6,4,11.3,52.9,16,41.0,33.1,6,16.9,49.1,21,54.0,24.4,7,18.6,48.0
2023-10-02 19:30:00,22,55.3,23.5,17,44.5,30.7,24,62.0,19.1,9,24.7,43.9,17,44.3,30.9,15,38.6,34.6
2023-10-02 19:35:00,12,32.1,38.9,17,44.4,30.7,23,59.3,20.8,21,53.8,24.5,9,24.2,44.2,11,29.5,40.6
2023-10-02 19:40:00,22,55.7,23.1,16,41.9,32.4,16,40.1,33.6,22,57.0,22.3,18,45.2,30.1,13,33.2,38.1
2023-10-02 19:45:00,11,27.7,41.7,16,40.5,33.2,16,41.3,32.7,6,17.2,48.8,0,0.7,59.8,19,47.3,28.7
2023-10-02 19:50:00,22,55.9,22.9,11,29.3,40.7,18,45.9,29.5,11,27.2,42.0,9,22.8,45.0,19,48.7,27.7
2023-10-02 19:55:00,14,35.8,36.3,18,45.6,29.7,6,14.9,50.2,13,32.6,38.4,8,21.4,45.8,22,54.8,23.6
2023-10-02 20:00:00,15,37.4,35.2,13,32.8,38.2,17,43.2,31.3,17,42.3,31.9,14,34.7,37.0,16,39.9,33.5
2023-10-02 20:05:00,23,56.7,22.2,10,25.9,42.8,9,22.2,45.2,3,6.8,55.5,12,30.2,39.9,12,31.6,39.0
2023-10-02 20:10:00,11,27.5,41.7,11,28.3,41.2,15,37.7,34.8,3,8.9,54.1,12,30.8,39.4,12,29.1,40.6
2023-10-02 20:15:00,7,18.5,47.6,25,63.0,18.0,12,29.3,40.4,16,40.0,33.3,12,30.0,39.9,3,6.6,55.5
2023-10-02 20:20:00,10,25.7,42.8,3,6.4,55.7,16,39.9,33.3,1,3.2,57.8,13,32.7,38.1,21,52.5,24.9
2023-10-02 20:25:00,16,38.9,33.9,16,39.6,33.4,14,33.9,37.2,10,25.4,42.9,16,40.2,33.0,11,27.3,41.6
2023-10-02 20:30:00,3,8.4,54.2,3,6.7,55.3,0,0.0,60.0,14,34.3,36.9,14,34.1,37.1,16,39.5,33.5
2023-10-02 20:35:00,17,41.2,32.3,12,30.0,39.8,14,34.3,36.9,15,37.9,34.5,11,27.4,41.5,17,41.8,31.9
2023-10-02 20:40:00,10,23.3,44.2,10,24.9,43.1,17,41.1,32.4,12,29.3,40.2,15,37.5,34.8,5,12.7,51.2
2023-10-02 20:45:00,20,48.4,27.4,0,0.0,59.7,15,37.9,34.4,11,25.7,42.6,18,43.6,30.6,7,17.4,48.1
2023-10-02 20:50:00,0,0.0,60.0,15,36.8,35.1,12,29.5,40.0,18,43.7,30.6,9,22.7,44.6,22,54.2,23.5
2023-10-02 20:55:00,8,19.0,47.0,10,25.1,42.9,23,55.4,22.7,14,35.1,36.3,12,29.9,39.7,14,35.1,36.2
2023-10-02 21:00:00,3,5.3,56.1,0,0.0,60.0,14,35.3,36.1,9,20.9,45.7,20,48.0,27.6,9,21.9,45.0
2023-10-02 21:05:00,8,18.0,47.6,18,43.0,30.9,15,37.0,34.9,13,31.0,38.9,6,13.9,50.3,12,28.5,40.6
2023-10-02 21:10:00,14,34.0,36.9,21,51.8,25.0,19,45.9,28.9,15,36.0,35.6,23,57.3,21.3,19,46.5,28.5
2023-10-02 21:15:00,11,27.4,41.3,21,52.4,24.6,15,35.5,35.8,23,55.8,22.3,4,10.0,52.9,18,44.1,30.1
2023-10-02 21:20:00,11,26.1,42.1,15,35.3,36.0,7,16.4,48.5,17,41.7,31.7,10,24.7,43.0,4,7.9,54.2
2023-10-02 21:25:00,11,27.4,41.2,13,30.5,39.2,0,0.0,60.0,20,48.0,27.5,7,15.5,49.1,22,54.3,23.3
2023-10-02 21:30:00,14,32.7,37.7,20,49.5,26.4,10,22.5,44.5,9,20.5,45.8,26,62.4,17.8,18,44.1,30.0
2023-10-02 21:35:00,6,14.4,49.8,22,54.7,22.9,17,40.9,32.1,9,21.6,45.0,9,21.9,44.8,11,27.2,41.3
2023-10-02 21:40:00,17,40.0,32.7,19,46.4,28.5,10,24.1,43.3,11,25.8,42.2,9,21.9,44.8,5,11.5,51.7
2023-10-02 21:45:00,16,39.2,33.2,7,15.1,49.3,17,41.3,31.9,11,27.1,41.3,10,23.7,43.6,19,45.1,29.3
2023-10-02 21:50:00,15,34.9,36.1,14,32.2,37.9,13,31.4,38.4,6,14.0,50.0,13,30.6,39.0,15,36.3,35.2
2023-10-02 21:55:00,16,37.4,34.4,15,35.6,35.6,20,48.4,27.1,20,48.0,27.3,10,24.1,43.3,4,7.2,54.6
2023-10-02 22:00:00,14,33.4,37.1,1,1.8,58.1,11,24.5,43.0,18,42.2,31.2,11,27.0,41.4,11,25.5,42.3
2023-10-02 22:05:00,24,56.4,21.2,14,32.9,36.9,14,32.9,36.9,10,21.3,44.6,0,0.0,60.0,30,72.8,10.3
2023-10-02 22:10:00,11,24.5,42.5,25,59.9,18.9,15,33.4,36.5,16,35.4,35.2,12,26.6,41.0,12,26.0,41.4
2023-10-02 22:15:00,10,21.1,44.7,15,35.3,35.2,21,48.2,26.6,13,29.1,39.4,12,26.0,41.5,7,14.6,49.1
2023-10-02 22:20:00,7,14.3,49.2,20,47.7,26.9,1,0.0,58.7,16,36.4,34.5,18,41.2,31.3,6,10.5,51.8
2023-10-02 22:25:00,5,10.1,52.0,13,28.3,39.9,9,18.7,46.3,4,5.4,55.2,19,45.2,28.6,22,52.2,24.0
2023-10-02 22:30:00,4,6.9,54.2,11,24.4,42.5,17,38.3,33.3,11,23.3,43.2,10,22.7,43.6,17,38.2,33.3
2023-10-02 22:35:00,6,12.1,50.7,14,31.2,37.9,21,48.7,26.3,11,24.6,42.3,16,37.7,33.6,20,46.6,27.7
2023-10-02 22:40:00,11,24.4,42.5,7,13.2,49.9,13,29.0,39.4,15,34.8,35.6,5,8.9,52.8,13,29.1,39.3
2023-10-02 22:45:00,14,30.4,38.5,6,10.9,51.4,10,21.0,44.7,8,16.0,48.1,16,36.9,34.1,19,44.2,29.3
2023-10-02 22:50:00,12,26.1,41.3,19,44.3,29.2,16,36.7,34.3,0,0.0,60.0,8,16.8,47.6,6,12.6,50.3
2023-10-02 22:55:00,7,13.8,49.5,20,45.9,28.1,17,38.3,33.2,5,9.1,52.7,4,7.5,53.7,13,27.7,40.2
2023-10-02 23:00:00,17,38.8,32.9,6,10.4,51.8,9,19.9,45.5,11,24.4,42.5,10,22.5,43.7,13,29.6,39.0
2023-10-02 23:05:00,16,36.3,34.5,17,39.8,32.2,14,30.2,38.6,12,26.2,41.2,20,46.3,27.9,20,46.0,28.1
2023-10-02 23:10:00,11,22.8,43.5,11,23.9,42.8,19,42.9,30.1,22,50.5,25.1,13,27.9,40.1,13,30.0,38.7
2023-10-02 23:15:00,8,15.4,48.4,14,30.3,38.5,23,53.5,23.0,15,33.9,36.1,21,47.6,26.9,8,15.8,48.2
2023-10-02 23:20:00,15,33.4,36.4,14,32.1,37.3,16,36.3,34.5,12,26.4,41.1,7,13.9,49.4,12,26.1,41.3
2023-10-02 23:25:00,13,28.0,40.0,17,40.1,32.0,12,25.8,41.5,11,24.7,42.2,18,40.9,31.4,1,0.0,58.7
2023-10-02 23:30:00,3,3.4,56.4,12,26.4,41.1,11,24.3,42.5,18,41.7,30.9,8,15.4,48.5,0,0.0,60.0
2023-10-02 23:35:00,11,24.1,42.6,20,46.3,27.8,15,33.5,36.4,8,16.3,47.8,13,28.5,39.7,17,37.6,33.6
2023-10-02 23:40:00,13,29.0,39.3,13,29.7,38.9,11,23.4,43.1,11,23.0,43.4,13,28.4,39.8,9,19.5,45.7
2023-10-02 23:45:00,6,11.6,51.0,15,34.5,35.7,13,27.9,40.1,5,8.8,52.8,15,35.0,35.3,10,21.2,44.6
2023-10-02 23:50:00,13,27.9,40.1,7,12.6,50.3,5,9.2,52.5,20,46.4,27.8,13,28.8,39.5,17,37.5,33.7
2023-10-02 23:55:00,3,3.2,56.5,24,57.4,20.4,19,44.5,29.0,14,31.0,38.0,7,14.0,49.4,20,46.0,28.0
2023-10-03 00:00:00,20,45.0,28.6,14,32.0,37.3,5,7.9,53.4,7,14.4,49.1,17,38.2,33.2,15,33.0,36.7
2023-10-03 00:05:00,19,43.7,29.5,16,35.7,34.9,9,18.5,46.3,11,23.3,43.1,22,51.0,24.7,23,53.9,22.7
2023-10-03 00:10:00,10,21.2,44.5,2,0.9,58.1,12,26.5,41.0,15,32.6,36.9,8,16.2,47.8,15,32.5,37.0
2023-10-03 00:15:00,14,30.5,38.4,7,12.7,50.2,23,54.9,22.1,10,21.2,44.5,0,0.0,60.0,13,29.5,39.0
2023-10-03 00:20:00,0,0.0,60.0,19,43.6,29.6,9,18.7,46.2,8,17.0,47.3,14,32.5,37.0,13,28.6,39.6
2023-10-03 00:25:00,5,7.7,53.6,13,29.3,39.1,8,15.0,48.7,8,15.2,48.5,10,20.0,45.3,4,5.7,54.9
2023-10-03 00:30:00,10,20.6,44.9,0,0.0,60.0,8,16.7,47.5,14,30.1,38.6,11,23.0,43.3,17,39.3,32.4
2023-10-03 00:35:00,5,8.9,52.7,18,40.6,31.6,21,49.9,25.4,9,19.6,45.6,15,33.3,36.4,0,0.0,60.0
2023-10-03 00:40:00,16,35.7,34.9,8,16.8,47.4,0,0.0,60.0,9,18.2,46.5,9,18.2,46.6,8,16.2,47.9
2023-10-03 00:45:00,23,55.0,22.0,20,46.2,27.9,5,10.0,52.0,3,5.0,55.4,10,21.0,44.7,12,25.3,41.8
2023-10-03 00:50:00,4,7.4,53.8,11,23.7,42.9,28,66.0,14.7,12,26.2,41.2,11,23.5,43.0,7,13.2,49.9
2023-10-03 00:55:00,6,12.4,50.4,13,28.1,40.0,15,33.9,36.1,10,22.3,43.8,20,47.0,27.3,9,18.2,46.5
2023-10-03 01:00:00,13,28.5,39.6,19,42.7,30.2,5,8.4,53.1,10,20.2,45.2,12,25.5,41.7,23,52.6,23.6
2023-10-03 01:05:00,21,49.2,25.9,6,11.5,51.0,11,24.4,42.4,13,28.0,40.0,4,6.5,54.4,18,41.6,31.0
2023-10-03 01:10:00,4,6.7,54.2,6,10.1,51.9,12,26.0,41.3,16,36.2,34.5,4,7.1,54.0,7,14.7,48.9
2023-10-03 01:15:00,13,28.7,39.5,10,22.1,44.0,17,37.7,33.5,16,35.5,35.0,12,27.1,40.6,9,18.0,46.7
2023-10-03 01:20:00,22,52.3,23.8,16,37.4,33.7,23,52.6,23.6,15,33.3,36.5,5,8.1,53.3,4,5.8,54.8
2023-10-03 01:25:00,2,0.2,58.5,4,5.0,55.3,14,30.8,38.1,10,21.4,44.4,2,1.6,57.6,16,35.6,34.9
2023-10-03 01:30:00,4,5.8,54.8,1,0.0,58.7,8,16.9,47.4,8,16.5,47.7,15,34.5,35.6,10,21.3,44.5
2023-10-03 01:35:00,9,18.6,46.2,16,37.4,33.8,16,36.8,34.1,5,9.3,52.4,16,35.3,35.2,0,0.0,60.0
2023-10-03 01:40:00,8,17.2,47.2,8,16.0,48.0,7,14.5,49.0,8,16.1,47.9,9,19.5,45.7,12,26.5,41.0
2023-10-03 01:45:00,16,37.2,33.9,9,19.1,45.9,5,9.5,52.3,12,25.3,41.8,13,29.4,39.1,14,31.6,37.6
2023-10-03 01:50:00,13,28.6,39.6,0,0.0,60.0,1,0.0,59.6,7,13.2,49.9,13,27.8,40.1,17,39.4,32.4
2023-10-03 01:55:00,1,0.0,59.7,7,14.8,48.8,2,1.5,57.6,12,26.4,41.0,15,34.0,36.0,11,23.9,42.7
2023-10-03 02:00:00,15,32.7,36.8,11,24.9,42.1,6,11.6,51.0,6,10.5,51.7,15,34.1,36.0,9,19.4,45.7
2023-10-03 02:05:00,8,16.3,47.8,17,39.0,32.7,4,7.3,53.8,2,0.1,58.6,0,0.0,60.0,23,54.8,22.1
2023-10-03 02:10:00,19,44.1,29.3,7,13.4,49.7,13,29.7,38.9,16,37.3,33.8,10,21.4,44.4,12,25.1,41.9
2023-10-03 02:15:00,8,15.6,48.3,21,49.9,25.4,4,7.0,54.0,9,17.9,46.7,15,32.8,36.8,16,35.8,34.8
2023-10-03 02:20:00,8,15.5,48.4,7,14.7,48.8,0,0.0,60.0,6,12.5,50.4,9,18.9,46.1,8,16.9,47.4
2023-10-03 02:25:00,15,33.1,36.6,7,14.8,48.8,5,9.4,52.4,5,8.6,52.9,12,25.6,41.6,16,35.4,35.1
2023-10-03 02:30:00,16,36.5,34.4,21,48.1,26.6,9,17.9,46.7,14,31.4,37.8,16,36.3,34.5,3,3.2,56.6
2023-10-03 02:35:00,14,31.7,37.5,13,28.2,39.9,8,15.9,48.0,20,45.6,28.2,12,26.2,41.2,9,18.1,46.6
2023-10-03 02:40:00,1,0.0,58.8,8,16.7,47.5,21,47.8,26.8,9,19.0,46.0,21,47.6,26.9,4,6.9,54.1
2023-10-03 02:45:00,15,33.1,36.6,11,22.7,43.5,8,15.8,48.1,10,21.8,44.1,18,41.9,30.7,8,15.9,48.0
2023-10-03 02:50:00,5,9.5,52.3,20,45.3,28.5,17,38.2,33.2,18,41.1,31.3,11,23.2,43.2,19,43.8,29.5
2023-10-03 02:55:00,13,28.6,39.6,20,47.0,27.3,11,24.7,42.2,1,0.0,60.0,10,22.1,44.0,8,15.8,48.1
2023-10-03 03:00:00,3,3.7,56.2,7,12.8,50.1,11,24.4,42.4,23,54.5,22.3,0,0.0,60.0,16,35.8,34.8
2023-10-03 03:05:00,14,31.7,37.5,11,24.4,42.4,6,12.5,50.3,26,61.7,17.5,10,20.1,45.2,21,47.8,26.8
2023-10-03 03:10:00,7,13.0,50.0,12,26.4,41.1,11,24.2,42.6,0,0.0,60.0,3,4.8,55.5,11,24.6,42.2
2023-10-03 03:15:00,4,5.8,54.8,6,10.3,51.8,7,13.6,49.6,11,23.6,42.9,13,28.4,39.8,17,40.0,32.0
2023-10-03 03:20:00,16,35.8,34.8,11,24.2,42.5,13,27.6,40.3,7,14.3,49.1,12,27.4,40.4,15,33.0,36.6
2023-10-03 03:25:00,13,28.7,39.5,12,25.2,41.9,10,21.6,44.3,10,21.1,44.6,16,35.5,35.0,12,26.8,40.8
2023-10-03 03:30:00,8,15.9,48.1,18,42.2,30.5,6,10.9,51.4,9,18.8,46.1,20,46.1,28.0,16,36.4,34.4
2023-10-03 03:35:00,20,46.9,27.4,19,43.2,29.9,17,40.0,32.0,16,37.3,33.8,11,24.7,42.2,23,52.7,23.5
2023-10-03 03:40:00,9,18.5,46.3,10,20.2,45.2,14,31.6,37.7,11,23.5,43.0,25,59.4,19.1,8,15.6,48.3
2023-10-03 03:45:00,12,25.7,41.6,10,22.0,44.0,9,18.5,46.4,6,11.5,51.0,13,28.7,39.6,6,10.8,51.5
2023-10-03 03:50:00,13,29.2,39.2,16,35.2,35.3,12,27.4,40.4,11,22.6,43.6,4,5.6,55.0,5,9.9,52.1
2023-10-03 03:55:00,8,16.0,48.1,8,16.5,47.7,11,24.0,42.7,15,33.0,36.7,8,16.8,47.5,18,40.2,31.9
2023-10-03 04:00:00,14,32.4,37.1,15,34.1,36.0,6,12.3,50.5,4,7.5,53.7,9,19.7,45.6,18,42.2,30.6
2023-10-03 04:05:00,8,17.3,47.2,11,24.0,42.7,12,26.4,41.1,2,0.6,58.3,15,34.2,35.9,8,17.3,47.2
2023-10-03 04:10:00,9,19.2,45.9,6,10.8,51.5,8,16.1,48.0,24,55.3,21.9,6,11.2,51.3,0,0.0,60.0
2023-10-03 04:15:00,20,45.9,28.2,6,11.1,51.3,6,11.3,51.2,8,15.8,48.2,10,21.0,44.8,8,15.3,48.5
2023-10-03 04:20:00,5,9.9,52.2,20,47.2,27.3,2,1.2,58.0,11,23.4,43.1,11,23.1,43.4,15,33.7,36.3
2023-10-03 04:25:00,0,0.0,60.0,11,23.2,43.3,9,20.2,45.3,9,19.6,45.7,9,18.9,46.2,11,24.6,42.4
2023-10-03 04:30:00,21,49.8,25.6,21,50.3,25.3,15,34.2,36.0,15,33.9,36.2,16,37.8,33.6,13,28.4,39.9
2023-10-03 04:35:00,27,64.0,16.1,9,18.0,46.8,7,15.3,48.6,22,52.3,23.9,15,35.4,35.2,9,17.9,46.9
2023-10-03 04:40:00,9,19.8,45.6,13,30.2,38.7,27,63.7,16.4,15,34.5,35.8,19,43.3,29.9,18,41.1,31.4
2023-10-03 04:45:00,0,0.0,60.0,26,61.8,17.6,17,39.2,32.7,3,3.2,56.7,10,21.0,44.8,14,31.1,38.1
2023-10-03 04:50:00,10,21.4,44.6,5,10.2,52.0,20,45.6,28.4,3,5.3,55.3,19,44.1,29.4,15,34.9,35.6
2023-10-03 04:55:00,10,21.9,44.3,0,0.0,60.0,17,38.1,33.4,9,20.2,45.4,4,5.7,55.0,13,28.6,39.8
2023-10-03 05:00:00,11,26.5,41.7,20,48.7,27.0,23,57.1,21.3,11,25.3,42.5,4,8.5,53.7,16,37.2,34.6
2023-10-03 05:05:00,6,12.8,50.9,7,17.1,48.0,8,17.7,47.6,2,3.7,57.0,5,11.3,51.9,15,36.4,35.2
2023-10-03 05:10:00,16,38.4,33.9,12,29.4,39.9,0,0.0,60.0,17,42.0,31.5,12,29.8,39.6,7,15.8,48.9
2023-10-03 05:15:00,16,37.7,34.3,9,21.1,45.4,10,23.2,44.0,6,13.6,50.4,20,47.9,27.5,15,35.5,35.8
2023-10-03 05:20:00,4,7.6,54.4,14,34.1,36.8,16,38.4,33.9,21,52.5,24.5,9,21.0,45.5,17,41.9,31.6
2023-10-03 05:25:00,17,40.8,32.4,7,16.0,48.9,13,32.5,37.9,23,57.6,21.2,10,23.1,44.1,19,47.6,27.8
2023-10-03 05:30:00,25,61.3,18.7,12,27.8,41.1,14,34.6,36.5,11,26.8,41.7,11,27.3,41.4,15,36.7,35.1
2023-10-03 05:35:00,14,33.3,37.4,15,37.5,34.6,21,50.5,25.9,15,37.3,34.7,16,39.3,33.4,7,16.3,48.8
2023-10-03 05:40:00,11,25.9,42.4,7,15.9,49.1,15,36.7,35.2,5,12.5,51.3,10,23.8,43.8,8,18.8,47.1
2023-10-03 05:45:00,12,29.1,40.3,9,20.7,45.9,18,43.2,30.9,16,40.6,32.6,10,23.2,44.2,10,24.7,43.2
2023-10-03 05:50:00,16,40.8,32.6,11,26.3,42.2,7,17.4,48.1,10,24.1,43.7,5,11.3,52.2,14,34.4,36.8
2023-10-03 05:55:00,2,5.9,55.9,4,10.4,52.9,6,15.4,49.5,6,15.5,49.5,9,23.2,44.3,12,30.0,39.8
2023-10-03 06:00:00,14,34.6,36.8,10,25.8,42.7,23,56.3,22.3,11,27.8,41.3,20,49.8,26.7,6,15.3,49.7
2023-10-03 06:05:00,11,26.6,42.2,14,34.2,37.1,14,33.9,37.3,10,25.4,42.9,14,33.8,37.4,6,15.5,49.6
2023-10-03 06:10:00,24,60.5,19.7,11,26.7,42.1,9,23.4,44.4,11,27.9,41.4,9,21.6,45.5,0,1.3,59.1
2023-10-03 06:15:00,12,30.5,39.7,11,29.0,40.7,9,23.7,44.2,19,47.3,28.5,21,51.6,25.6,0,0.0,60.0
2023-10-03 06:20:00,23,58.4,21.1,13,33.1,38.0,9,23.7,44.3,8,21.6,45.7,10,24.6,43.7,12,31.4,39.1
2023-10-03 06:25:00,7,17.2,48.7,9,23.9,44.2,9,23.1,44.7,24,59.8,20.3,22,55.0,23.4,27,68.5,14.4
2023-10-03 06:30:00,17,42.9,31.6,17,44.4,30.6,6,14.8,50.3,5,14.2,50.7,22,55.1,23.4,24,61.0,19.5
2023-10-03 06:35:00,15,39.2,34.1,22,55.9,22.9,4,11.9,52.3,23,58.6,21.1,14,35.2,36.7,8,19.7,47.1
2023-10-03 06:40:00,8,21.7,45.8,11,27.8,41.8,12,31.8,39.1,7,19.5,47.3,4,12.3,52.1,14,37.0,35.6
2023-10-03 06:45:00,15,37.7,35.2,16,42.3,32.1,10,26.2,42.9,14,35.1,37.0,27,69.4,14.1,5,13.1,51.6
2023-10-03 06:50:00,21,53.6,24.7,12,31.8,39.2,20,52.0,25.7,11,28.0,41.7,16,41.2,32.9,6,15.7,49.9
2023-10-03 06:55:00,12,30.8,39.9,16,41.2,33.0,15,40.1,33.7,12,30.5,40.1,12,30.8,39.9,6,17.7,48.6
2023-10-03 07:00:00,4,10.6,53.4,23,59.5,20.8,15,40.0,33.8,19,48.0,28.5,19,50.3,26.9,12,32.6,38.8
2023-10-03 07:05:00,14,36.0,36.5,17,43.9,31.3,9,25.1,43.8,23,58.8,21.4,18,46.8,29.3,13,33.6,38.2
2023-10-03 07:10:00,8,23.0,45.2,3,10.0,53.9,13,34.8,37.4,21,54.4,24.3,22,56.2,23.1,15,40.4,33.7
2023-10-03 07:15:00,12,31.7,39.5,17,43.6,31.5,16,42.2,32.5,11,30.8,40.1,10,26.9,42.7,18,46.8,29.5
2023-10-03 07:20:00,13,35.8,36.8,21,55.6,23.6,18,47.8,28.8,15,39.8,34.1,16,41.8,32.8,12,32.0,39.3
2023-10-03 07:25:00,4,11.7,52.9,13,33.9,38.1,13,35.9,36.8,9,25.5,43.7,7,19.5,47.7,14,37.8,35.5
2023-10-03 07:30:00,4,13.2,51.9,20,52.4,25.8,20,53.6,25.0,8,22.6,45.7,18,47.5,29.1,7,21.1,46.7
2023-10-03 07:35:00,17,44.9,30.9,10,27.3,42.6,14,37.7,35.6,7,20.4,47.2,14,37.3,35.9,6,17.5,49.1
2023-10-03 07:40:00,11,29.9,40.8,5,15.5,50.5,19,49.6,27.7,11,31.2,40.0,16,42.0,32.8,5,15.3,50.6
2023-10-03 07:45:00,0,0.0,60.0,15,40.0,34.2,11,30.5,40.5,16,41.6,33.1,13,35.7,37.0,18,47.6,29.1
2023-10-03 07:50:00,19,49.7,27.7,4,11.6,53.1,3,10.7,53.7,3,9.3,54.6,13,34.2,38.0,12,32.9,38.9
2023-10-03 07:55:00,16,42.1,32.8,13,34.4,37.9,16,42.0,32.8,14,37.3,36.0,9,25.0,44.2,3,9.9,54.2
2023-10-03 08:00:00,10,27.3,42.6,22,57.3,22.6,18,48.9,28.2,23,60.7,20.3,19,49.9,27.6,14,37.1,36.1
2023-10-03 08:05:00,6,18.2,48.7,3,9.3,54.6,18,46.6,29.8,21,54.8,24.3,23,60.3,20.6,7,19.3,48.0
2023-10-03 08:10:00,19,50.5,27.2,6,18.7,48.3,17,44.3,31.3,11,29.2,41.4,11,29.6,41.1,24,62.8,18.9
2023-10-03 08:15:00,16,43.1,32.1,8,22.4,45.9,12,32.6,39.1,6,16.9,49.5,17,46.2,30.0,11,29.2,41.4
2023-10-03 08:20:00,28,73.5,11.8,14,36.8,36.3,9,25.7,43.7,17,44.7,31.0,17,44.2,31.3,18,48.0,28.8
2023-10-03 08:25:00,17,43.9,31.5,12,32.1,39.3,17,45.9,30.2,0,2.9,58.9,14,37.7,35.6,21,54.0,24.8
2023-10-03 08:30:00,16,43.3,31.9,22,58.4,21.8,17,43.9,31.5,21,54.1,24.7,5,14.6,51.0,8,23.1,45.3
2023-10-03 08:35:00,13,34.8,37.5,20,51.6,26.3,11,28.9,41.5,13,34.1,38.0,6,17.7,48.9,14,38.4,35.1
2023-10-03 08:40:00,19,49.3,27.8,17,44.5,31.0,21,53.7,24.9,25,64.5,17.7,9,25.3,43.8,17,45.4,30.4
2023-10-03 08:45:00,18,46.2,29.8,15,39.0,34.6,9,23.6,44.9,4,10.9,53.4,1,4.7,57.5,15,38.6,34.9
2023-10-03 08:50:00,21,55.3,23.7,16,42.5,32.3,10,27.8,42.0,19,50.3,27.0,22,57.7,22.1,16,42.0,32.6
2023-10-03 08:55:00,11,28.5,41.6,9,23.4,45.0,24,60.8,20.0,13,34.8,37.4,16,41.8,32.7,6,16.4,49.6
2023-10-03 09:00:00,11,29.5,40.8,19,48.9,27.9,19,49.0,27.8,12,31.0,39.8,14,35.6,36.8,17,44.3,31.0
2023-10-03 09:05:00,11,28.5,41.4,7,19.0,47.8,11,30.3,40.2,5,15.2,50.3,0,2.9,58.5,11,28.4,41.5
2023-10-03 09:10:00,18,47.3,28.9,19,47.9,28.5,15,39.7,33.9,17,44.3,30.8,3,8.0,55.0,16,40.6,33.3
2023-10-03 09:15:00,23,57.5,22.0,21,52.9,25.1,14,37.4,35.4,18,45.2,30.2,13,35.0,37.0,19,48.9,27.8
2023-10-03 09:20:00,11,27.9,41.7,15,37.9,35.0,0,0.0,60.0,24,61.5,19.3,25,64.3,17.4,17,44.8,30.4
2023-10-03 09:25:00,11,28.0,41.5,12,31.8,39.1,8,20.8,46.4,19,49.5,27.2,9,23.9,44.3,15,39.6,33.8
2023-10-03 09:30:00,15,38.8,34.3,16,40.1,33.5,13,33.3,38.0,10,25.2,43.4,18,47.0,28.8,17,43.7,31.0
2023-10-03 09:35:00,12,30.0,40.1,0,0.0,60.0,11,28.4,41.2,7,18.7,47.7,10,26.5,42.4,17,44.1,30.7
2023-10-03 09:40:00,19,47.7,28.3,15,37.9,34.8,15,37.1,35.3,5,12.9,51.5,14,34.2,37.2,22,55.8,22.8
2023-10-03 09:45:00,0,0.0,60.0,12,31.4,39.1,20,50.0,26.7,22,55.2,23.2,20,51.3,25.8,13,32.6,38.3
2023-10-03 09:50:00,8,20.3,46.4,13,32.0,38.6,11,27.9,41.3,8,21.1,45.9,11,27.6,41.6,14,35.2,36.5
2023-10-03 09:55:00,8,20.7,46.1,17,43.0,31.2,7,16.6,48.9,22,54.6,23.5,9,22.1,45.2,19,46.4,29.0
2023-10-03 10:00:00,0,0.0,60.0,12,31.0,39.2,15,37.0,35.2,16,40.0,33.2,21,53.4,24.3,10,24.8,43.3
2023-10-03 10:05:00,7,17.4,48.2,6,14.7,50.0,11,26.9,41.9,15,36.8,35.3,13,32.5,38.1,5,11.8,51.9
2023-10-03 10:10:00,7,17.8,47.9,12,29.4,40.1,12,29.2,40.3,11,26.9,41.8,19,47.9,27.8,16,38.9,33.8
2023-10-03 10:15:00,12,28.2,40.9,13,32.3,38.2,11,26.9,41.8,17,41.2,32.3,9,21.0,45.7,12,28.2,40.9
2023-10-03 10:20:00,19,47.7,27.9,13,32.7,37.8,26,64.6,16.6,13,30.8,39.2,21,52.1,24.9,5,12.9,51.1
2023-10-03 10:25:00,11,27.1,41.6,14,33.2,37.5,0,0.0,60.0,10,25.2,42.8,14,34.9,36.4,16,38.3,34.1
2023-10-03 10:30:00,6,15.1,49.5,19,46.1,28.8,10,24.7,43.1,17,41.0,32.3,15,37.0,34.9,21,52.0,24.9
2023-10-03 10:35:00,12,29.4,39.9,6,14.0,50.2,13,30.2,39.4,12,28.1,40.8,13,32.3,38.0,3,5.9,55.6
2023-10-03 10:40:00,19,45.8,29.0,14,32.7,37.7,8,18.4,47.3,8,18.1,47.4,9,22.5,44.5,19,45.4,29.2
2023-10-03 10:45:00,7,15.3,49.3,20,49.3,26.6,18,43.4,30.6,16,38.9,33.6,12,29.9,39.6,0,0.0,60.0
2023-10-03 10:50:00,7,16.1,48.7,2,3.7,57.0,17,41.9,31.5,12,28.8,40.3,10,23.1,44.1,10,23.7,43.6
2023-10-03 10:55:00,16,37.9,34.1,13,32.3,37.9,12,28.8,40.2,15,36.9,34.8,18,44.0,30.1,23,57.2,21.3
2023-10-03 11:00:00,11,26.1,42.0,9,20.6,45.6,11,25.4,42.5,10,22.6,44.3,11,26.4,41.8,10,24.5,43.1
2023-10-03 11:05:00,16,39.0,33.4,10,23.7,43.6,12,27.6,41.0,5,11.1,52.0,3,6.8,54.8,13,30.6,39.0
2023-10-03 11:10:00,12,29.0,40.1,7,15.6,49.0,12,27.6,41.0,23,55.2,22.6,2,4.0,56.7,17,40.6,32.3
2023-10-03 11:15:00,17,39.6,33.0,11,26.5,41.7,12,27.9,40.8,22,52.2,24.5,2,3.1,57.2,2,3.3,57.1
2023-10-03 11:20:00,6,13.4,50.4,23,56.6,21.6,11,26.1,41.9,18,42.2,31.2,16,38.2,33.8,13,30.0,39.3
2023-10-03 11:25:00,12,28.7,40.2,5,9.9,52.7,14,32.7,37.5,10,23.0,43.9,5,11.6,51.6,13,29.8,39.4
2023-10-03 11:30:00,11,25.6,42.2,5,11.2,51.8,17,40.1,32.6,10,24.3,43.1,14,33.3,37.1,23,56.7,21.5
2023-10-03 11:35:00,5,10.5,52.3,4,9.2,53.2,5,10.3,52.4,21,49.5,26.3,13,30.8,38.8,5,10.2,52.5
2023-10-03 11:40:00,3,5.2,55.8,23,54.6,22.9,6,12.9,50.7,10,23.4,43.7,12,27.7,40.8,10,23.0,44.0
2023-10-03 11:45:00,16,38.9,33.3,9,21.7,44.8,2,2.4,57.7,8,19.1,46.5,15,35.2,35.8,7,14.7,49.5
2023-10-03 11:50:00,10,23.3,43.7,12,28.2,40.5,17,41.6,31.5,23,56.7,21.5,13,31.0,38.6,6,13.1,50.5
2023-10-03 11:55:00,6,13.2,50.4,10,22.5,44.2,14,32.3,37.7,12,27.9,40.7,0,0.0,60.0,19,45.5,28.9
2023-10-03 12:00:00,12,27.1,41.2,7,14.4,49.7,15,36.1,35.2,23,55.1,22.5,10,23.7,43.5,12,29.0,40.0
2023-10-03 12:05:00,19,45.5,28.9,11,25.0,42.6,4,7.1,54.5,4,7.6,54.2,15,34.9,36.0,9,20.2,45.8
2023-10-03 12:10:00,0,0.0,60.0,27,65.4,15.6,23,55.3,22.4,15,36.3,35.0,22,53.2,23.8,9,20.8,45.4
2023-10-03 12:15:00,3,6.1,55.2,21,49.4,26.3,9,19.4,46.3,25,59.6,19.5,22,53.9,23.4,9,20.1,45.9
2023-10-03 12:20:00,7,14.7,49.4,7,15.8,48.7,13,31.1,38.5,12,29.0,39.9,4,8.1,53.8,9,21.5,44.9
2023-10-03 12:25:00,21,50.5,25.6,16,38.3,33.7,17,41.4,31.7,11,24.6,42.8,10,23.4,43.7,5,9.6,52.8
2023-10-03 12:30:00,14,32.9,37.4,7,16.2,48.5,6,13.8,50.1,5,11.1,51.9,3,5.1,55.8,11,24.8,42.8
2023-10-03 12:35:00,17,40.2,32.5,2,2.0,57.9,9,20.5,45.6,19,44.9,29.3,21,51.5,25.0,10,23.3,43.8
2023-10-03 12:40:00,5,11.6,51.5,18,44.0,29.9,13,31.4,38.3,8,17.2,47.8,18,43.9,30.0,8,17.4,47.7
2023-10-03 12:45:00,6,12.0,51.3,19,46.2,28.5,29,71.6,11.5,12,27.4,41.1,14,34.0,36.6,13,31.1,38.6
2023-10-03 12:50:00,15,35.6,35.6,19,44.5,29.6,14,33.4,37.1,5,10.3,52.4,13,31.3,38.4,14,32.4,37.7
2023-10-03 12:55:00,13,29.8,39.5,9,21.9,44.7,22,53.0,24.0,22,52.3,24.5,21,49.6,26.2,9,20.6,45.6
2023-10-03 13:00:00,16,37.2,34.5,11,26.5,41.7,20,47.1,27.9,19,46.3,28.5,20,47.2,27.9,11,26.8,41.4
2023-10-03 13:05:00,11,26.3,41.8,17,40.3,32.5,15,34.6,36.3,12,28.6,40.3,19,46.5,28.4,25,61.5,18.4
2023-10-03 13:10:00,14,33.3,37.1,15,35.0,36.0,6,14.3,49.8,5,11.9,51.5,15,36.0,35.3,25,61.0,18.7
2023-10-03 13:15:00,13,31.6,38.3,10,23.4,43.8,19,45.2,29.3,22,52.3,24.5,10,24.0,43.4,6,13.5,50.4
2023-10-03 13:20:00,17,41.1,32.0,3,5.1,56.0,3,6.9,54.8,10,23.9,43.5,17,40.9,32.1,7,15.7,49.0
2023-10-03 13:25:00,17,41.6,31.7,13,31.2,38.6,22,53.5,23.7,6,12.9,50.8,17,41.7,31.6,6,13.6,50.3
2023-10-03 13:30:00,3,5.3,55.9,19,45.8,28.9,14,32.6,37.7,2,3.2,57.3,11,26.8,41.6,19,45.5,29.1
2023-10-03 13:35:00,0,0.0,60.0,5,11.8,51.6,0,0.0,60.0,9,20.1,46.1,10,24.5,43.1,10,23.8,43.6
2023-10-03 13:40:00,18,44.9,29.5,16,39.5,33.2,10,24.8,42.9,4,8.1,54.1,19,46.9,28.2,14,33.5,37.1
2023-10-03 13:45:00,20,47.9,27.6,15,35.0,36.1,16,39.9,32.9,9,20.7,45.7,22,55.0,22.8,24,60.0,19.5
2023-10-03 13:50:00,6,14.9,49.6,17,41.5,31.9,11,26.7,41.8,17,41.4,31.9,8,19.0,46.9,12,30.1,39.5
2023-10-03 13:55:00,1,2.5,57.9,18,43.5,30.6,17,41.1,32.1,10,24.8,43.0,11,26.5,41.9,17,41.0,32.2
2023-10-03 14:00:00,13,32.1,38.2,8,20.2,46.1,8,17.8,47.7,15,35.9,35.6,15,35.9,35.7,16,38.4,34.0
2023-10-03 14:05:00,18,44.8,29.8,3,6.5,55.3,5,11.2,52.2,8,19.9,46.3,16,38.1,34.2,9,22.0,45.0
2023-10-03 14:10:00,23,58.0,21.0,9,23.0,44.3,12,29.9,39.7,13,32.0,38.4,10,23.2,44.2,19,46.9,28.4
2023-10-03 14:15:00,16,39.0,33.7,18,44.5,30.0,13,31.7,38.6,24,60.0,19.7,24,59.5,20.1,8,18.5,47.4
2023-10-03 14:20:00,11,25.9,42.5,10,23.3,44.2,11,26.2,42.3,11,26.2,42.3,15,37.8,34.6,21,51.5,25.4
2023-10-03 14:25:00,7,18.3,47.6,9,21.2,45.6,20,50.1,26.4,15,37.4,34.8,16,39.6,33.4,9,22.8,44.5
2023-10-03 14:30:00,13,32.1,38.4,2,4.6,56.8,8,19.1,47.1,3,8.4,54.2,23,58.3,21.0,10,24.7,43.3
2023-10-03 14:35:00,11,27.7,41.4,23,58.4,20.9,15,36.8,35.3,22,54.9,23.2,10,25.4,42.9,6,15.8,49.3
2023-10-03 14:40:00,7,17.2,48.5,18,44.8,30.0,13,33.4,37.6,10,25.2,43.1,12,31.1,39.2,7,18.5,47.5
2023-10-03 14:45:00,25,63.4,17.7,18,44.2,30.5,4,9.3,53.7,19,48.4,27.7,6,13.9,50.7,10,26.3,42.4
2023-10-03 14:50:00,24,59.7,20.2,19,47.4,28.4,5,13.1,51.2,12,31.1,39.3,12,30.3,39.8,0,0.0,60.0
2023-10-03 14:55:00,20,50.3,26.5,17,41.9,32.1,13,33.4,37.8,17,42.4,31.8,4,10.9,52.8,12,29.7,40.2
2023-10-03 15:00:00,8,19.7,47.0,12,29.8,40.2,25,63.2,17.9,17,43.6,31.0,18,44.7,30.3,10,25.9,42.8
2023-10-03 15:05:00,18,46.6,29.1,12,31.3,39.2,17,42.5,31.8,11,27.0,42.1,16,40.1,33.4,18,45.6,29.7
2023-10-03 15:10:00,17,43.7,31.1,11,27.7,41.7,3,8.2,54.7,20,50.5,26.5,12,29.9,40.2,16,40.4,33.2
2023-10-03 15:15:00,16,41.0,32.9,29,73.9,11.0,0,0.0,60.0,9,23.0,44.9,13,32.9,38.3,9,23.8,44.4
2023-10-03 15:20:00,21,53.4,24.7,17,43.0,31.6,18,45.7,29.8,18,46.3,29.4,18,46.1,29.5,11,27.8,41.7
2023-10-03 15:25:00,17,44.5,30.7,11,28.0,41.7,13,33.5,38.0,11,29.1,40.9,7,17.9,48.4,12,31.5,39.4
2023-10-03 15:30:00,18,46.4,29.5,16,42.3,32.2,20,52.4,25.4,16,40.5,33.4,15,38.3,34.8,22,57.6,22.0
2023-10-03 15:35:00,17,45.1,30.3,8,20.4,46.8,8,22.4,45.5,11,28.7,41.3,18,46.1,29.7,9,23.2,44.9
2023-10-03 15:40:00,16,41.0,33.2,23,58.5,21.5,16,41.1,33.1,14,36.6,36.1,3,9.1,54.4,9,25.1,43.8
2023-10-03 15:45:00,3,9.4,54.2,10,26.3,43.0,19,48.9,27.9,7,20.1,47.2,18,46.5,29.6,7,19.3,47.7
2023-10-03 15:50:00,14,37.7,35.4,17,44.0,31.2,11,29.8,40.7,15,40.2,33.8,4,11.4,53.0,5,14.2,51.1
2023-10-03 15:55:00,11,28.4,41.7,20,52.8,25.5,11,30.4,40.4,14,37.4,35.7,13,35.0,37.3,16,41.4,33.0
2023-10-03 16:00:00,6,17.9,48.8,16,42.8,32.1,14,37.4,35.7,11,29.0,41.4,7,19.6,47.6,15,40.1,33.9
2023-10-03 16:05:00,24,62.6,19.0,15,38.8,34.9,17,45.5,30.4,14,36.5,36.4,23,58.8,21.5,22,56.6,23.0
2023-10-03 16:10:00,24,63.5,18.4,14,37.8,35.6,14,37.4,35.8,15,39.6,34.4,7,20.3,47.3,20,53.2,25.3
2023-10-03 16:15:00,22,58.3,22.0,14,37.0,36.1,20,52.5,25.8,10,28.6,41.7,4,13.1,52.1,28,73.8,11.6
2023-10-03 16:20:00,16,42.0,32.9,11,29.5,41.2,11,31.2,40.1,13,36.2,36.7,15,40.1,34.1,14,37.0,36.2
2023-10-03 16:25:00,22,58.6,21.8,11,31.6,39.8,6,18.4,48.6,8,23.3,45.4,12,32.2,39.5,13,34.5,37.9
2023-10-03 16:30:00,14,38.8,35.1,23,60.8,20.4,26,68.2,15.4,28,73.8,11.7,5,16.0,50.3,6,19.1,48.2
2023-10-03 16:35:00,15,41.8,33.1,14,37.2,36.2,11,29.7,41.1,21,54.7,24.5,17,46.7,29.8,18,49.3,28.1
2023-10-03 16:40:00,8,22.6,45.9,10,27.2,42.9,11,30.5,40.7,16,43.1,32.3,2,9.1,54.9,15,40.8,33.8
2023-10-03 16:45:00,17,45.1,30.9,11,31.4,40.1,14,38.2,35.6,21,56.8,23.2,8,23.6,45.3,18,49.0,28.4
2023-10-03 16:50:00,15,40.3,34.2,21,55.9,23.8,15,40.4,34.2,2,9.7,54.6,11,30.7,40.6,8,22.3,46.2
2023-10-03 16:55:00,7,20.0,47.8,18,49.6,28.0,12,33.7,38.6,0,1.1,60.0,19,51.5,26.7,17,44.8,31.2
2023-10-03 17:00:00,14,38.9,35.2,18,48.0,29.1,14,39.4,34.9,12,33.6,38.7,22,59.1,21.7,16,42.7,32.6
2023-10-03 17:05:00,14,38.5,35.4,13,35.9,37.2,14,39.1,35.0,6,19.1,48.4,21,56.3,23.6,15,41.8,33.2
2023-10-03 17:10:00,25,66.8,16.6,18,48.4,28.8,16,42.5,32.8,13,36.3,36.9,14,37.5,36.1,10,29.6,41.4
2023-10-03 17:15:00,20,53.3,25.6,11,30.3,41.0,0,4.5,58.1,16,43.0,32.5,0,3.5,58.8,22,57.7,22.7
2023-10-03 17:20:00,15,40.1,34.4,13,36.1,37.1,26,68.2,15.7,20,53.8,25.3,17,45.8,30.6,27,70.7,14.0
2023-10-03 17:25:00,16,43.7,32.0,20,54.5,24.8,14,37.8,36.0,8,22.9,45.9,23,62.0,19.8,8,23.3,45.6
2023-10-03 17:30:00,15,40.7,34.1,20,53.1,25.8,18,48.7,28.7,17,46.0,30.5,22,58.5,22.2,19,50.8,27.3
2023-10-03 17:35:00,13,36.9,36.5,9,25.3,44.3,6,19.3,48.3,15,40.2,34.4,17,46.9,29.9,0,0.0,60.0
2023-10-03 17:40:00,8,23.7,45.3,9,27.1,43.1,12,32.9,39.2,17,45.2,31.0,7,22.1,46.4,19,50.0,27.8
2023-10-03 17:45:00,14,37.6,36.1,15,41.5,33.5,10,29.8,41.3,11,32.1,39.7,11,32.0,39.8,3,11.9,53.2
2023-10-03 17:50:00,10,28.6,42.0,25,65.7,17.3,23,61.9,19.9,23,60.6,20.8,26,68.8,15.2,11,32.0,39.8
2023-10-03 17:55:00,7,21.0,47.1,3,11.0,53.8,11,31.0,40.5,14,38.2,35.7,6,18.5,48.8,7,20.0,47.8
2023-10-03 18:00:00,17,47.3,29.6,16,43.8,31.9,19,51.0,27.1,25,66.2,16.9,8,22.4,46.2,13,36.4,36.8
2023-10-03 18:05:00,17,45.4,30.8,6,18.9,48.5,10,29.7,41.3,10,27.6,42.7,20,53.6,25.3,19,52.1,26.4
2023-10-03 18:10:00,4,12.6,52.7,11,29.8,41.2,12,32.6,39.4,19,50.5,27.4,12,32.9,39.1,3,11.5,53.4
2023-10-03 18:15:00,14,37.3,36.1,12,33.7,38.6,13,35.5,37.4,14,38.3,35.5,7,21.5,46.7,12,33.8,38.5
2023-10-03 18:20:00,20,53.9,25.0,12,32.7,39.2,22,58.3,22.2,12,34.1,38.3,23,61.9,19.7,11,31.3,40.1
2023-10-03 18:25:00,21,54.7,24.5,11,30.8,40.4,3,10.5,54.0,18,48.3,28.8,17,45.7,30.5,24,62.5,19.3
2023-10-03 18:30:00,20,54.0,24.9,14,38.7,35.1,6,18.9,48.4,12,34.1,38.2,12,32.9,39.0,17,45.1,30.9
2023-10-03 18:35:00,14,38.9,34.9,11,30.3,40.7,2,9.2,54.8,0,0.0,60.0,7,21.2,46.8,7,20.7,47.1
2023-10-03 18:40:00,9,25.4,43.9,5,16.2,50.1,8,21.8,46.3,0,0.0,60.0,26,68.8,15.0,11,31.1,40.2
2023-10-03 18:45:00,8,21.6,46.4,19,49.6,27.8,9,25.7,43.7,22,57.0,22.8,14,37.5,35.8,23,61.2,20.0
2023-10-03 18:50:00,16,42.8,32.2,19,48.9,28.2,4,13.4,51.8,21,56.1,23.4,22,58.6,21.7,18,48.3,28.6
2023-10-03 18:55:00,16,43.0,32.0,19,50.0,27.4,10,26.3,43.2,25,65.6,17.0,19,50.7,26.9,8,23.6,45.0
2023-10-03 19:00:00,22,56.4,23.1,5,13.9,51.4,2,6.8,56.1,14,36.8,36.1,11,29.2,41.2,12,33.1,38.6
2023-10-03 19:05:00,20,53.3,25.1,16,41.3,33.1,8,21.5,46.3,6,17.4,49.0,11,29.1,41.2,12,33.2,38.5
2023-10-03 19:10:00,13,34.5,37.6,18,46.6,29.5,21,54.5,24.3,11,30.2,40.5,22,58.2,21.8,11,28.4,41.6
2023-10-03 19:15:00,6,17.5,48.9,8,20.7,46.7,16,42.2,32.4,14,36.4,36.3,23,58.1,21.8,3,10.5,53.5
2023-10-03 19:20:00,12,31.1,39.7,14,36.0,36.5,15,38.7,34.7,8,20.8,46.6,2,7.7,55.3,10,25.7,43.3
2023-10-03 19:25:00,15,38.8,34.5,13,33.8,37.9,8,20.5,46.7,24,60.3,20.2,17,43.8,31.2,22,56.4,22.8
2023-10-03 19:30:00,12,32.2,38.9,25,62.9,18.4,4,12.2,52.2,27,68.9,14.5,13,33.5,38.1,11,29.6,40.7
2023-10-03 19:35:00,10,26.3,42.8,25,63.8,17.8,7,17.9,48.4,16,42.1,32.2,7,19.5,47.3,13,33.4,38.0
2023-10-03 19:40:00,15,38.5,34.6,3,9.7,53.8,13,34.0,37.6,13,34.5,37.3,15,38.6,34.5,14,36.8,35.8
2023-10-03 19:45:00,10,26.8,42.4,28,71.8,12.4,19,47.4,28.6,6,14.9,50.3,5,14.1,50.8,27,67.6,15.1
2023-10-03 19:50:00,10,24.7,43.7,8,20.3,46.6,19,47.6,28.4,23,57.3,22.0,11,27.1,42.1,13,34.2,37.4
2023-10-03 19:55:00,15,38.5,34.5,19,48.5,27.8,17,43.2,31.3,14,34.9,36.8,8,21.8,45.6,20,50.2,26.7
2023-10-03 20:00:00,11,27.5,41.8,19,48.1,28.0,9,22.4,45.1,11,29.2,40.6,10,26.0,42.8,10,24.5,43.7
2023-10-03 20:05:00,15,36.9,35.5,7,18.3,47.9,13,33.6,37.6,16,40.4,33.1,13,32.1,38.6,12,29.3,40.5
2023-10-03 20:10:00,15,37.0,35.3,16,40.3,33.1,11,28.1,41.2,10,24.1,43.9,7,17.7,48.2,13,33.1,37.9
2023-10-03 20:15:00,6,15.6,49.6,12,31.0,39.2,12,29.6,40.2,14,34.9,36.7,22,56.3,22.4,8,21.1,45.9
2023-10-03 20:20:00,10,25.2,43.1,16,40.7,32.8,25,63.0,17.9,4,10.8,52.7,16,39.8,33.4,12,29.3,40.3
2023-10-03 20:25:00,22,53.7,24.1,14,35.6,36.1,2,5.7,56.0,19,48.4,27.6,24,59.1,20.5,18,45.5,29.5
2023-10-03 20:30:00,6,14.5,50.2,20,49.8,26.6,11,28.4,40.9,12,30.3,39.6,12,29.5,40.2,8,19.9,46.6
2023-10-03 20:35:00,0,0.0,59.8,13,32.8,37.9,20,49.8,26.6,20,49.0,27.1,10,23.4,44.2,13,31.7,38.7
2023-10-03 20:40:00,2,3.5,57.4,12,28.9,40.5,4,9.4,53.4,12,28.4,40.8,23,57.8,21.2,17,42.1,31.7
2023-10-03 20:45:00,13,31.6,38.6,19,47.6,27.9,9,21.5,45.3,12,29.2,40.3,9,22.5,44.7,8,18.8,47.1
2023-10-03 20:50:00,13,31.5,38.7,16,39.7,33.2,10,23.1,44.3,5,12.8,51.1,12,28.3,40.8,19,47.4,28.0
2023-10-03 20:55:00,12,29.0,40.3,17,41.8,31.8,11,27.4,41.3,17,42.2,31.5,17,41.6,31.9,13,31.9,38.4
2023-10-03 21:00:00,20,48.8,27.1,9,20.6,45.8,3,6.7,55.2,7,17.5,48.0,5,12.0,51.6,12,28.1,40.9
2023-10-03 21:05:00,0,0.0,60.0,6,14.7,49.7,16,39.3,33.3,10,23.1,44.2,17,41.1,32.2,1,0.3,59.4
2023-10-03 21:10:00,15,36.2,35.4,9,21.7,45.1,17,40.2,32.7,13,30.3,39.4,16,39.0,33.5,10,24.6,43.1
2023-10-03 21:15:00,22,53.5,23.9,9,20.8,45.7,16,37.7,34.4,13,31.9,38.3,20,49.1,26.8,15,35.6,35.7
2023-10-03 21:20:00,6,13.0,50.8,17,41.7,31.7,7,16.9,48.2,2,4.3,56.6,18,43.3,30.6,23,56.1,22.1
2023-10-03 21:25:00,10,24.1,43.4,18,44.4,29.9,13,31.1,38.8,11,26.3,41.9,20,49.3,26.6,16,38.3,33.9
2023-10-03 21:30:00,8,18.3,47.2,11,27.3,41.2,7,16.1,48.7,17,41.6,31.7,12,28.0,40.8,19,46.5,28.4
2023-10-03 21:35:00,7,16.1,48.7,21,51.0,25.4,10,24.5,43.1,10,23.8,43.5,7,16.6,48.4,5,11.4,51.8
2023-10-03 21:40:00,10,24.5,43.1,21,49.9,26.1,25,61.7,18.3,11,26.0,42.1,25,61.0,18.7,12,27.5,41.1
2023-10-03 21:45:00,21,50.7,25.6,14,32.9,37.4,13,30.7,38.9,13,31.7,38.2,3,6.4,55.1,20,47.6,27.7
2023-10-03 21:50:00,23,56.7,21.6,7,16.8,48.1,5,11.3,51.8,12,27.3,41.2,4,7.7,54.2,7,15.8,48.8
2023-10-03 21:55:00,10,24.0,43.3,22,52.7,24.2,13,31.8,38.2,6,13.6,50.3,16,37.5,34.3,18,43.5,30.3
2023-10-03 22:00:00,24,57.5,21.0,12,28.0,40.6,4,8.7,53.5,12,28.4,40.4,22,53.3,23.8,17,40.0,32.7
2023-10-03 22:05:00,12,26.4,41.2,12,27.8,40.3,4,7.9,53.6,18,40.8,31.6,13,28.7,39.7,13,30.0,38.8
2023-10-03 22:10:00,22,52.1,24.1,10,20.7,45.0,5,10.2,52.0,5,10.0,52.1,18,40.8,31.6,10,20.9,44.9
2023-10-03 22:15:00,11,24.3,42.6,6,12.4,50.5,9,19.1,46.1,9,20.1,45.4,0,0.0,60.0,6,10.9,51.5
2023-10-03 22:20:00,12,27.6,40.4,3,3.6,56.4,17,39.7,32.3,3,4.9,55.5,9,18.2,46.7,22,52.3,23.9
2023-10-03 22:25:00,14,31.1,38.1,15,35.1,35.4,15,34.3,35.9,17,39.7,32.3,0,0.0,60.0,15,35.1,35.4
2023-10-03 22:30:00,31,73.2,9.9,7,13.8,49.6,15,33.4,36.5,11,24.1,42.7,16,37.2,33.9,14,30.6,38.3
2023-10-03 22:35:00,17,38.2,33.2,30,71.4,11.2,5,9.0,52.8,6,12.7,50.3,2,2.3,57.2,9,19.3,45.9
2023-10-03 22:40:00,7,14.8,48.9,5,9.1,52.6,8,17.3,47.2,12,26.8,40.9,4,6.3,54.6,12,26.0,41.4
2023-10-03 22:45:00,17,39.9,32.1,4,6.5,54.4,13,29.5,39.1,4,7.3,53.8,15,33.1,36.7,13,27.9,40.2
2023-10-03 22:50:00,9,19.9,45.4,15,33.0,36.7,8,15.9,48.1,5,9.8,52.2,18,41.3,31.2,14,31.3,37.8
2023-10-03 22:55:00,9,18.0,46.7,21,48.2,26.6,10,21.1,44.6,3,3.4,56.4,11,22.9,43.4,16,36.3,34.5
2023-10-03 23:00:00,17,38.9,32.8,12,26.2,41.2,14,31.9,37.4,5,9.3,52.5,15,33.8,36.2,7,13.5,49.7
2023-10-03 23:05:00,12,25.7,41.6,15,33.8,36.2,9,20.0,45.4,20,45.6,28.3,15,33.3,36.5,3,3.2,56.5
2023-10-03 23:10:00,13,29.4,39.1,0,0.0,60.0,13,28.6,39.6,7,14.2,49.2,10,22.0,44.0,12,26.5,41.0
2023-10-03 23:15:00,12,25.4,41.8,7,15.0,48.7,21,49.1,26.0,14,32.2,37.2,5,8.8,52.9,1,0.0,59.4
2023-10-03 23:20:00,14,30.2,38.5,5,9.1,52.7,11,22.6,43.6,7,12.6,50.3,15,33.6,36.3,10,20.3,45.2
2023-10-03 23:25:00,14,31.5,37.7,0,0.0,60.0,19,42.8,30.1,16,36.5,34.3,15,34.3,35.8,8,17.5,47.0
2023-10-03 23:30:00,0,0.0,60.0,12,26.9,40.8,15,33.5,36.3,5,9.7,52.2,17,38.5,33.0,14,32.5,37.0
2023-10-03 23:35:00,16,35.1,35.3,0,0.0,60.0,3,3.1,56.6,12,25.7,41.5,13,29.8,38.8,23,54.9,22.1
2023-10-03 23:40:00,6,10.4,51.8,4,5.3,55.2,5,8.6,53.0,12,25.9,41.4,5,7.6,53.6,0,0.0,60.0
2023-10-03 23:45:00,3,3.5,56.4,8,17.0,47.3,7,12.6,50.3,25,60.0,18.7,16,35.4,35.1,25,59.2,19.2
2023-10-03 23:50:00,11,24.2,42.5,7,12.6,50.3,6,12.3,50.5,15,34.5,35.7,12,25.1,42.0,10,21.6,44.3
2023-10-03 23:55:00,12,26.3,41.1,14,31.0,38.0,11,23.7,42.9,8,16.2,47.9,9,17.8,46.8,14,30.3,38.5
2023-10-04 00:00:00,7,14.6,48.9,13,29.6,38.9,15,34.2,35.9,16,35.3,35.1,10,20.6,44.9,3,3.8,56.1
2023-10-04 00:05:00,16,37.5,33.7,17,38.4,33.1,19,43.8,29.4,24,57.1,20.6,7,14.6,48.9,17,40.0,32.0
2023-10-04 00:10:00,3,4.9,55.4,16,36.3,34.5,13,29.6,38.9,2,0.6,58.3,17,38.3,33.1,12,25.6,41.6
2023-10-04 00:15:00,9,18.9,46.1,18,42.1,30.6,9,18.3,46.5,6,12.4,50.4,3,3.7,56.2,11,24.1,42.6
2023-10-04 00:20:00,8,16.2,47.8,11,25.0,42.0,0,0.0,60.0,10,21.4,44.4,6,10.1,51.9,0,0.0,60.0
2023-10-04 00:25:00,11,24.3,42.5,13,29.6,39.0,12,26.1,41.3,9,18.7,46.2,10,20.1,45.3,12,26.1,41.3
2023-10-04 00:30:00,13,29.2,39.2,15,32.7,36.9,12,25.4,41.7,10,20.0,45.3,21,49.2,25.9,17,37.7,33.5
2023-10-04 00:35:00,5,9.9,52.1,12,27.1,40.6,13,27.7,40.2,4,5.4,55.0,18,40.8,31.5,10,21.5,44.4
2023-10-04 00:40:00,16,35.9,34.8,9,19.0,46.0,24,56.6,20.9,20,46.1,28.0,2,0.4,58.4,19,42.6,30.3
2023-10-04 00:45:00,12,25.9,41.4,10,20.0,45.3,19,43.6,29.6,3,3.7,56.2,20,45.3,28.5,18,42.0,30.7
2023-10-04 00:50:00,0,0.0,60.0,7,12.7,50.2,16,36.8,34.1,10,22.0,44.0,20,45.2,28.5,8,15.4,48.4
2023-10-04 00:55:00,0,0.0,60.0,14,31.3,37.8,6,10.6,51.6,18,40.7,31.5,4,7.4,53.7,21,48.9,26.0
2023-10-04 01:00:00,11,24.8,42.1,11,23.6,42.9,8,17.3,47.1,11,24.5,42.3,0,0.0,60.0,12,25.7,41.5
2023-10-04 01:05:00,10,21.7,44.2,8,15.1,48.6,11,23.6,42.9,6,10.3,51.8,11,23.9,42.7,12,25.7,41.5
2023-10-04 01:10:00,11,23.4,43.0,8,15.1,48.6,7,13.4,49.8,3,4.8,55.5,18,41.8,30.8,12,26.5,41.0
2023-10-04 01:15:00,11,24.6,42.3,4,6.8,54.1,15,32.5,37.0,10,21.6,44.3,21,48.9,26.1,12,26.0,41.3
2023-10-04 01:20:00,13,28.4,39.7,17,39.7,32.2,14,30.4,38.4,7,13.6,49.6,6,11.9,50.7,0,0.0,60.0
2023-10-04 01:25:00,17,39.2,32.5,12,26.2,41.2,5,8.7,52.9,13,28.1,39.9,22,51.3,24.5,10,22.2,43.9
2023-10-04 01:30:00,5,8.3,53.1,6,12.1,50.6,19,43.0,30.0,3,4.0,56.0,0,0.0,60.0,3,4.5,55.6
2023-10-04 01:35:00,4,7.4,53.7,16,37.1,33.9,12,26.5,41.0,16,37.2,33.9,9,19.5,45.7,21,49.4,25.7
2023-10-04 01:40:00,5,8.6,52.9,8,16.6,47.6,1,0.0,59.3,12,26.7,40.8,9,18.7,46.2,21,48.8,26.1
2023-10-04 01:45:00,13,29.3,39.1,3,3.9,56.1,11,24.2,42.5,13,27.8,40.1,18,42.3,30.5,17,37.8,33.5
2023-10-04 01:50:00,19,43.7,29.5,18,40.3,31.8,13,29.2,39.2,20,46.6,27.6,19,44.5,29.0,10,21.4,44.4
2023-10-04 01:55:00,9,18.5,46.3,8,16.9,47.4,17,39.6,32.3,9,18.4,46.4,17,39.3,32.5,5,9.9,52.1
2023-10-04 02:00:00,0,0.0,60.0,9,18.9,46.1,9,19.9,45.4,7,14.1,49.3,3,4.7,55.5,8,15.1,48.6
2023-10-04 02:05:00,1,0.0,59.0,12,25.6,41.6,16,37.4,33.7,8,16.8,47.5,17,37.9,33.4,23,54.1,22.6
2023-10-04 02:10:00,7,12.5,50.3,18,42.1,30.6,13,27.8,40.1,10,22.1,43.9,15,32.6,36.9,7,14.6,48.9
2023-10-04 02:15:00,8,16.6,47.6,12,25.3,41.8,4,5.3,55.1,11,23.6,42.9,1,0.0,58.7,0,0.0,60.0
2023-10-04 02:20:00,9,18.9,46.1,4,7.0,54.0,3,3.8,56.1,7,12.5,50.3,0,0.0,60.0,18,40.5,31.7
2023-10-04 02:25:00,12,25.6,41.6,15,33.2,36.6,18,41.8,30.8,0,0.0,60.0,18,40.6,31.6,21,47.5,27.0
2023-10-04 02:30:00,10,20.3,45.1,9,17.7,46.8,19,43.0,30.0,8,16.6,47.6,10,22.3,43.8,21,49.9,25.4
2023-10-04 02:35:00,18,40.8,31.5,23,53.3,23.1,13,29.9,38.8,14,30.4,38.4,4,5.7,54.8,18,40.6,31.6
2023-10-04 02:40:00,7,14.9,48.8,11,25.0,42.0,20,47.5,27.0,12,27.1,40.6,10,21.9,44.1,19,43.0,30.0
2023-10-04 02:45:00,6,12.1,50.6,0,0.0,60.0,18,40.9,31.4,19,43.0,30.0,14,30.5,38.3,12,25.8,41.5
2023-10-04 02:50:00,14,32.2,37.2,14,30.4,38.4,16,35.3,35.2,23,54.4,22.4,11,23.8,42.8,0,0.0,60.0
2023-10-04 02:55:00,2,2.0,57.3,23,54.2,22.5,6,11.4,51.1,16,36.4,34.4,2,1.8,57.5,12,25.5,41.7
2023-10-04 03:00:00,14,30.9,38.1,21,48.7,26.2,22,51.0,24.7,20,45.8,28.2,23,53.3,23.1,15,34.4,35.8
2023-10-04 03:05:00,12,26.6,41.0,22,52.5,23.7,15,33.1,36.6,16,36.5,34.3,18,40.1,31.9,11,23.0,43.3
2023-10-04 03:10:00,11,22.8,43.4,5,9.8,52.2,9,19.3,45.8,22,50.7,24.9,9,20.0,45.3,10,22.3,43.8
2023-10-04 03:15:00,21,48.9,26.1,17,38.7,32.8,8,15.0,48.6,23,52.8,23.5,10,20.6,44.9,6,10.6,51.6
2023-10-04 03:20:00,8,15.7,48.2,7,14.2,49.2,13,28.9,39.4,17,39.3,32.4,14,30.5,38.4,6,10.1,52.0
2023-10-04 03:25:00,24,56.0,21.4,13,28.5,39.7,1,0.0,58.7,16,35.7,34.9,5,8.1,53.2,23,52.7,23.6
2023-10-04 03:30:00,10,21.7,44.2,4,6.0,54.7,16,35.6,34.9,10,22.0,44.0,13,30.0,38.7,23,53.2,23.2
2023-10-04 03:35:00,4,6.0,54.7,8,15.5,48.4,6,10.8,51.5,11,24.5,42.3,4,5.2,55.2,12,25.1,42.0
2023-10-04 03:40:00,12,26.2,41.2,7,15.0,48.7,14,30.7,38.2,10,20.1,45.3,11,24.1,42.6,13,29.4,39.1
2023-10-04 03:45:00,5,9.0,52.7,17,38.7,32.9,8,17.4,47.1,15,34.5,35.7,5,7.7,53.6,6,10.5,51.7
2023-10-04 03:50:00,7,13.9,49.4,16,37.2,33.9,10,21.2,44.5,7,14.4,49.1,5,8.4,53.1,15,34.8,35.5
2023-10-04 03:55:00,14,31.2,37.9,13,29.4,39.1,7,13.9,49.4,10,22.4,43.8,21,49.9,25.4,22,51.6,24.3
2023-10-04 04:00:00,15,33.6,36.3,3,5.0,55.4,11,22.9,43.5,0,0.0,60.0,12,26.2,41.3,2,2.3,57.1
2023-10-04 04:05:00,8,16.0,48.1,10,20.7,45.0,23,53.7,22.9,22,51.2,24.6,13,28.4,39.8,14,32.3,37.2
2023-10-04 04:10:00,18,40.2,31.9,7,14.2,49.3,20,46.2,28.0,10,22.1,44.0,0,0.0,60.0,15,33.5,36.4
2023-10-04 04:15:00,19,42.8,30.2,17,38.5,33.1,14,30.8,38.2,14,32.3,37.2,8,16.5,47.8,15,33.4,36.5
2023-10-04 04:20:00,20,47.0,27.4,19,43.2,30.0,11,25.1,42.0,20,47.4,27.2,14,32.4,37.1,21,50.1,25.3
2023-10-04 04:25:00,15,33.5,36.4,18,41.4,31.1,17,38.2,33.3,13,30.1,38.7,13,28.5,39.8,24,56.1,21.4
2023-10-04 04:30:00,20,46.1,28.0,7,14.3,49.2,18,42.6,30.4,20,47.3,27.2,0,0.0,60.0,10,22.2,44.0
2023-10-04 04:35:00,0,0.0,60.0,0,0.0,60.0,7,13.3,49.9,4,7.1,54.0,13,28.9,39.6,16,35.8,34.9
2023-10-04 04:40:00,10,21.1,44.8,1,0.0,59.2,11,24.7,42.4,26,61.8,17.6,14,31.3,37.9,12,27.1,40.7
2023-10-04 04:45:00,6,13.0,50.2,20,47.3,27.3,1,0.0,59.7,18,42.3,30.7,19,45.2,28.7,8,16.5,47.8
2023-10-04 04:50:00,12,27.9,40.3,9,20.1,45.5,18,42.9,30.2,13,29.2,39.4,8,16.2,48.0,13,30.1,38.8
2023-10-04 04:55:00,8,17.6,47.1,7,14.9,48.9,24,57.2,20.7,20,47.6,27.1,0,0.0,60.0,16,36.3,34.7
2023-10-04 05:00:00,11,26.9,41.5,22,54.0,23.4,13,30.6,39.0,5,11.8,51.5,6,14.4,49.8,14,32.6,37.7
2023-10-04 05:05:00,24,57.7,20.9,20,48.5,27.1,0,0.0,60.0,11,25.2,42.6,6,13.1,50.7,7,16.3,48.6
2023-10-04 05:10:00,11,27.1,41.4,13,30.0,39.4,16,38.8,33.6,21,51.3,25.2,17,40.7,32.3,10,22.7,44.3
2023-10-04 05:15:00,15,36.1,35.4,11,25.5,42.5,7,16.3,48.6,1,1.9,58.2,0,0.0,60.0,10,23.0,44.1
2023-10-04 05:20:00,11,26.6,41.8,12,28.1,40.8,9,20.1,46.1,16,38.5,33.9,10,23.3,44.0,7,17.4,47.9
2023-10-04 05:25:00,13,31.4,38.6,14,33.7,37.1,16,39.7,33.1,16,38.3,34.0,21,51.7,25.1,14,35.0,36.2
2023-10-04 05:30:00,13,30.6,39.2,22,54.5,23.3,14,34.3,36.7,24,60.0,19.6,13,30.6,39.2,15,36.8,35.1
2023-10-04 05:35:00,15,37.5,34.7,15,37.1,34.9,10,23.4,44.0,3,7.0,55.0,18,44.2,30.2,19,45.4,29.3
2023-10-04 05:40:00,20,48.5,27.4,17,41.9,31.7,9,21.2,45.5,22,55.1,22.9,3,6.4,55.4,8,18.1,47.6
2023-10-04 05:45:00,23,56.0,22.4,20,48.8,27.2,14,33.1,37.6,9,22.9,44.5,3,7.2,54.9,9,22.6,44.7
2023-10-04 05:50:00,15,36.2,35.6,6,14.0,50.4,10,25.4,42.8,10,24.8,43.2,21,53.1,24.4,22,54.8,23.2
2023-10-04 05:55:00,16,40.7,32.7,17,43.1,31.0,6,15.2,49.7,6,13.5,50.8,13,33.3,37.6,12,29.3,40.2
2023-10-04 06:00:00,6,14.8,50.0,11,27.7,41.4,11,27.1,41.8,6,15.8,49.3,14,33.7,37.4,13,32.6,38.1
2023-10-04 06:05:00,12,31.1,39.2,0,0.0,60.0,15,37.5,34.9,15,38.5,34.3,6,15.6,49.5,12,29.8,40.0
2023-10-04 06:10:00,19,46.8,28.7,0,0.8,59.4,12,30.1,39.9,6,16.1,49.3,14,34.2,37.1,20,49.7,26.8
2023-10-04 06:15:00,18,46.1,29.3,7,17.8,48.1,5,11.9,52.1,18,44.2,30.6,6,15.9,49.4,20,50.6,26.3
2023-10-04 06:20:00,14,36.6,35.7,16,41.4,32.5,19,48.2,27.9,9,23.4,44.4,20,51.2,25.9,20,50.1,26.7
2023-10-04 06:25:00,19,47.0,28.8,14,35.4,36.5,0,0.0,60.0,6,15.5,49.8,30,74.6,10.4,13,34.1,37.4
2023-10-04 06:30:00,16,41.4,32.6,14,36.8,35.6,11,27.4,41.9,10,26.1,42.7,16,41.3,32.6,8,21.0,46.2
2023-10-04 06:35:00,21,52.4,25.3,25,63.7,17.8,10,25.1,43.5,15,39.5,33.9,10,24.9,43.6,25,63.3,18.0
2023-10-04 06:40:00,15,39.1,34.2,6,15.7,49.8,14,37.0,35.7,12,30.6,39.9,0,0.0,60.0,19,47.6,28.6
2023-10-04 06:45:00,11,29.7,40.5,13,34.7,37.2,17,43.5,31.4,14,35.6,36.6,3,9.8,53.8,11,28.2,41.5
2023-10-04 06:50:00,16,40.4,33.4,15,40.0,33.8,20,52.3,25.5,18,45.8,29.8,23,58.7,21.3,22,56.7,22.6
2023-10-04 06:55:00,0,0.0,60.0,9,24.7,44.0,9,25.0,43.8,20,51.9,25.8,7,20.3,46.9,10,27.7,42.0
2023-10-04 07:00:00,16,41.8,32.7,14,36.4,36.2,17,44.8,30.6,12,31.4,39.6,11,30.4,40.2,22,57.2,22.4
2023-10-04 07:05:00,0,0.0,60.0,4,12.3,52.4,15,39.2,34.4,7,20.6,46.8,18,46.1,29.8,23,58.5,21.6
2023-10-04 07:10:00,3,10.7,53.4,22,57.7,22.1,4,10.9,53.3,14,37.7,35.5,23,58.8,21.4,8,22.7,45.4
2023-10-04 07:15:00,17,43.6,31.6,10,26.6,42.9,25,65.3,17.1,17,43.9,31.4,13,33.8,38.1,17,45.6,30.3
2023-10-04 07:20:00,17,44.2,31.2,26,67.5,15.7,5,15.5,50.4,5,15.1,50.6,11,31.0,40.0,19,48.8,28.1
2023-10-04 07:25:00,7,19.8,47.5,14,36.8,36.2,16,43.6,31.7,9,23.9,44.8,14,38.3,35.1,30,76.5,9.7
2023-10-04 07:30:00,10,26.8,42.9,20,52.9,25.5,16,43.3,31.9,10,26.7,43.0,10,28.0,42.0,10,26.3,43.2
2023-10-04 07:35:00,22,58.2,22.0,14,36.8,36.2,16,41.8,32.9,13,34.5,37.8,11,29.0,41.4,23,59.1,21.4
2023-10-04 07:40:00,11,30.5,40.5,14,37.3,35.9,11,30.3,40.6,9,26.3,43.2,17,43.9,31.5,14,38.0,35.4
2023-10-04 07:45:00,28,71.5,13.1,11,29.1,41.4,19,50.3,27.3,18,48.5,28.5,15,40.6,33.7,7,19.2,48.0
2023-10-04 07:50:00,14,37.9,35.5,15,39.7,34.3,5,14.5,51.1,4,13.9,51.6,27,69.9,14.2,13,36.1,36.7
2023-10-04 07:55:00,17,44.1,31.4,16,42.8,32.3,14,37.0,36.2,5,14.3,51.3,17,44.6,31.1,14,38.0,35.5
2023-10-04 08:00:00,24,62.3,19.3,9,26.2,43.3,11,29.5,41.1,12,33.0,38.8,21,55.3,24.0,8,22.1,46.1
2023-10-04 08:05:00,15,40.0,34.2,13,36.1,36.8,10,27.8,42.3,13,35.3,37.3,8,21.9,46.2,16,42.7,32.4
2023-10-04 08:10:00,8,22.9,45.6,10,28.8,41.6,17,44.4,31.2,5,16.1,50.1,17,45.8,30.3,20,52.3,26.0
2023-10-04 08:15:00,13,36.2,36.7,28,72.4,12.6,21,54.0,24.8,10,28.8,41.6,10,27.0,42.8,16,41.4,33.2
2023-10-04 08:20:00,14,37.2,36.0,14,36.4,36.5,12,32.6,39.1,12,31.7,39.6,16,43.7,31.7,11,29.6,41.0
2023-10-04 08:25:00,6,17.2,49.3,23,60.8,20.2,19,49.3,27.9,12,31.7,39.6,18,47.9,28.8,13,35.4,37.2
2023-10-04 08:30:00,12,33.6,38.3,13,34.5,37.7,14,38.2,35.3,15,39.7,34.3,14,38.2,35.3,14,37.4,35.8
2023-10-04 08:35:00,10,26.1,43.3,16,41.2,33.3,9,23.9,44.8,10,27.3,42.5,28,73.4,11.8,15,40.5,33.7
2023-10-04 08:40:00,19,50.9,26.7,6,17.2,49.2,12,33.2,38.5,23,59.2,21.2,22,58.5,21.7,21,53.7,24.9
2023-10-04 08:45:00,14,37.3,35.7,11,30.1,40.6,12,32.3,39.1,17,44.1,31.2,21,54.5,24.3,15,40.9,33.4
2023-10-04 08:50:00,12,32.3,39.0,15,39.7,34.1,10,26.1,43.2,9,24.5,44.3,18,48.0,28.6,5,15.5,50.2
2023-10-04 08:55:00,13,34.7,37.4,23,60.1,20.5,16,42.7,32.1,14,37.7,35.4,24,62.7,18.7,10,27.9,42.0
2023-10-04 09:00:00,15,39.4,34.3,15,39.3,34.3,15,39.5,34.1,14,37.9,35.3,5,14.5,50.9,15,38.5,34.8
2023-10-04 09:05:00,17,45.0,30.5,22,56.5,22.8,4,11.8,52.6,21,53.9,24.5,22,56.3,22.9,20,52.6,25.4
2023-10-04 09:10:00,8,20.4,46.8,17,45.0,30.4,4,10.6,53.3,10,26.4,42.8,8,20.5,46.7,21,54.9,23.8
2023-10-04 09:15:00,7,19.4,47.4,23,59.5,20.7,16,41.4,32.7,18,46.6,29.3,10,26.6,42.6,24,61.7,19.2
2023-10-04 09:20:00,20,51.3,26.1,13,33.9,37.7,9,22.5,45.3,14,35.4,36.7,17,43.2,31.5,14,36.7,35.8
2023-10-04 09:25:00,11,28.2,41.4,28,70.3,13.4,15,38.9,34.3,22,56.8,22.4,21,52.9,25.0,18,45.9,29.7
2023-10-04 09:30:00,5,12.8,51.6,10,26.8,42.3,18,45.8,29.7,21,53.4,24.6,6,16.8,49.0,5,12.3,52.0
2023-10-04 09:35:00,16,40.4,33.2,9,22.2,45.3,6,14.7,50.3,14,36.7,35.7,10,26.0,42.8,16,40.2,33.3
2023-10-04 09:40:00,16,40.4,33.2,6,15.2,49.9,5,12.2,51.9,12,29.5,40.4,14,34.9,36.8,7,17.3,48.6
2023-10-04 09:45:00,4,10.1,53.3,27,68.0,14.7,23,58.2,21.2,16,40.7,32.9,12,30.3,39.8,13,32.1,38.6
2023-10-04 09:50:00,14,36.2,35.8,18,45.0,29.9,15,38.0,34.6,12,30.0,39.9,18,45.6,29.6,31,78.2,7.8
2023-10-04 09:55:00,17,43.5,30.9,11,27.4,41.6,10,26.1,42.5,23,57.6,21.5,34,84.0,5.0,15,37.0,35.2
2023-10-04 10:00:00,15,37.7,34.7,20,50.9,25.9,7,18.1,47.8,13,33.3,37.7,15,38.4,34.2,8,19.2,47.1
2023-10-04 10:05:00,17,41.3,32.3,17,42.1,31.7,10,24.2,43.7,10,25.7,42.6,8,20.8,45.9,15,37.9,34.5
2023-10-04 10:10:00,4,10.5,52.8,25,61.0,19.1,6,13.7,50.6,10,24.6,43.3,5,12.1,51.7,10,23.8,43.9
2023-10-04 10:15:00,15,36.2,35.6,3,8.0,54.3,18,44.5,30.0,5,13.1,51.0,11,26.4,42.1,7,16.9,48.5
2023-10-04 10:20:00,11,26.5,42.0,11,27.0,41.7,8,19.4,46.8,16,39.4,33.4,7,16.9,48.4,25,62.5,18.0
2023-10-04 10:25:00,10,23.5,44.0,10,23.8,43.7,19,47.2,28.2,8,18.5,47.3,15,37.8,34.4,19,46.8,28.5
2023-10-04 10:30:00,18,43.6,30.5,1,0.9,59.0,10,24.5,43.2,19,47.0,28.3,15,37.3,34.7,15,35.7,35.8
2023-10-04 10:35:00,21,52.5,24.6,19,46.2,28.7,6,14.6,49.8,5,10.9,52.3,10,23.4,44.0,10,24.4,43.3
2023-10-04 10:40:00,23,57.0,21.5,11,26.0,42.2,10,23.7,43.7,13,32.0,38.2,24,59.9,19.6,11,25.4,42.6
2023-10-04 10:45:00,20,49.6,26.4,17,41.0,32.2,0,0.0,60.0,19,47.2,28.0,8,18.9,46.9,22,53.0,24.1
2023-10-04 10:50:00,12,28.1,40.7,27,65.1,16.0,12,27.9,40.8,0,0.0,60.0,12,27.9,40.8,14,34.3,36.6
2023-10-04 10:55:00,15,34.9,36.2,10,24.3,43.3,11,27.0,41.4,25,59.8,19.5,16,39.2,33.3,0,0.0,60.0
2023-10-04 11:00:00,17,40.9,32.1,10,23.1,44.0,17,41.8,31.5,10,23.0,44.0,18,42.8,30.9,27,65.7,15.6
2023-10-04 11:05:00,13,31.1,38.6,13,31.1,38.7,1,1.0,58.7,13,31.4,38.4,20,48.4,27.1,13,32.0,38.0
2023-10-04 11:10:00,13,31.1,38.6,18,44.0,30.0,19,46.6,28.3,16,37.7,34.2,15,35.6,35.6,14,34.3,36.5
2023-10-04 11:15:00,17,41.4,31.7,9,20.5,45.6,17,41.4,31.8,17,39.9,32.7,19,44.8,29.5,19,45.3,29.1
2023-10-04 11:20:00,12,28.1,40.6,9,19.5,46.3,20,47.7,27.5,14,33.1,37.3,8,19.0,46.7,15,35.9,35.4
2023-10-04 11:25:00,8,17.9,47.4,19,44.7,29.5,12,28.1,40.6,18,43.8,30.1,18,42.6,30.9,17,40.1,32.6
2023-10-04 11:30:00,10,22.6,44.2,15,34.5,36.3,18,44.0,30.0,15,36.6,34.9,18,42.4,31.1,10,22.4,44.3
2023-10-04 11:35:00,16,38.2,33.8,0,0.0,60.0,3,6.7,54.8,23,55.1,22.5,21,51.4,25.0,5,10.3,52.4
2023-10-04 11:40:00,12,28.7,40.1,5,10.3,52.4,17,39.4,33.0,15,36.5,34.9,2,3.6,56.8,14,32.9,37.4
2023-10-04 11:45:00,14,33.7,36.8,21,51.2,25.2,8,17.1,47.9,24,58.1,20.5,7,15.0,49.3,21,50.1,25.9
2023-10-04 11:50:00,16,38.6,33.5,15,34.6,36.2,2,3.8,56.7,18,42.1,31.2,17,40.9,32.0,8,18.9,46.7
2023-10-04 11:55:00,10,23.0,44.0,8,17.1,47.8,5,11.7,51.5,1,1.5,58.3,0,0.0,60.0,8,17.7,47.5
2023-10-04 12:00:00,17,39.9,32.7,11,26.0,41.9,12,28.6,40.2,28,67.7,14.1,15,35.9,35.3,20,46.9,28.0
2023-10-04 12:05:00,14,34.2,36.4,12,28.8,40.1,7,16.2,48.5,9,19.9,46.0,19,44.4,29.6,9,21.7,44.8
2023-10-04 12:10:00,5,10.0,52.6,17,39.6,32.9,14,34.2,36.5,21,51.0,25.3,9,19.9,46.0,10,22.4,44.3
2023-10-04 12:15:00,21,50.2,25.8,4,8.2,53.8,1,1.4,58.3,12,29.0,40.0,10,22.1,44.5,10,23.0,43.9
2023-10-04 12:20:00,9,21.1,45.2,7,16.0,48.6,0,0.0,60.0,19,44.5,29.6,6,12.5,51.0,12,27.6,40.9
2023-10-04 12:25:00,2,3.8,56.7,14,32.7,37.5,20,49.2,26.5,8,18.3,47.1,9,20.8,45.4,3,5.0,55.9
2023-10-04 12:30:00,6,13.0,50.6,12,27.1,41.2,18,42.2,31.1,16,38.0,33.9,9,21.2,45.1,9,20.5,45.6
2023-10-04 12:35:00,6,13.4,50.4,16,37.3,34.4,6,12.9,50.7,11,24.9,42.7,8,18.4,47.0,14,32.1,37.9
2023-10-04 12:40:00,13,29.5,39.6,5,10.3,52.4,12,28.7,40.2,22,52.4,24.3,8,17.7,47.5,14,32.1,37.9
2023-10-04 12:45:00,11,24.7,42.8,14,34.1,36.5,18,44.1,29.9,15,35.4,35.7,11,24.7,42.8,19,46.2,28.5
2023-10-04 12:50:00,10,23.8,43.4,19,45.2,29.2,15,35.1,35.9,18,42.9,30.7,11,24.6,42.9,23,56.4,21.7
2023-10-04 12:55:00,16,38.2,33.8,15,36.2,35.2,13,31.1,38.6,0,0.0,60.0,24,57.0,21.3,21,51.6,24.9
2023-10-04 13:00:00,14,34.1,36.6,13,31.1,38.6,19,45.4,29.1,12,27.7,40.9,10,23.1,43.9,18,42.7,30.9
2023-10-04 13:05:00,14,33.8,36.8,12,27.6,40.9,8,18.1,47.3,15,35.2,35.9,14,34.2,36.5,11,26.8,41.4
2023-10-04 13:10:00,15,35.3,35.8,7,16.7,48.3,13,29.6,39.6,14,32.5,37.7,9,20.5,45.7,9,19.8,46.1
2023-10-04 13:15:00,16,38.5,33.7,12,28.2,40.6,12,29.0,40.0,18,43.7,30.3,9,20.4,45.8,12,29.5,39.7
2023-10-04 13:20:00,0,0.0,60.0,20,48.3,27.2,11,25.3,42.5,10,23.9,43.5,2,3.8,56.8,16,38.2,34.0
2023-10-04 13:25:00,10,24.0,43.4,12,27.7,40.9,10,23.7,43.6,13,30.2,39.3,3,5.9,55.5,17,41.8,31.5
2023-10-04 13:30:00,0,0.0,60.0,7,16.3,48.6,13,30.7,39.0,20,47.4,27.9,5,11.5,51.8,16,39.0,33.5
2023-10-04 13:35:00,13,30.3,39.3,10,22.4,44.5,13,30.3,39.3,0,0.0,60.0,14,32.5,37.8,12,28.0,40.8
2023-10-04 13:40:00,12,29.9,39.6,14,32.9,37.5,6,14.2,50.0,16,38.8,33.6,19,46.1,28.8,17,41.7,31.7
2023-10-04 13:45:00,19,45.8,29.0,10,24.5,43.2,17,42.1,31.4,11,25.1,42.8,2,3.3,57.3,20,49.0,26.9
2023-10-04 13:50:00,20,48.1,27.5,15,37.5,34.5,7,15.6,49.1,7,16.6,48.5,9,22.0,44.9,18,43.4,30.6
2023-10-04 13:55:00,14,33.5,37.3,16,38.3,34.1,11,27.1,41.5,15,35.5,35.9,4,9.9,53.0,12,29.9,39.6
2023-10-04 14:00:00,10,23.1,44.2,18,43.9,30.3,11,26.2,42.2,20,49.0,26.9,11,26.6,41.8,8,18.1,47.5
2023-10-04 14:05:00,16,38.1,34.3,21,52.1,24.9,15,36.2,35.5,19,46.4,28.7,19,46.9,28.3,8,17.9,47.7
2023-10-04 14:10:00,10,23.1,44.3,19,45.9,29.0,0,0.0,60.0,12,29.0,40.4,10,24.3,43.5,9,20.8,45.8
2023-10-04 14:15:00,13,31.2,38.9,7,17.2,48.2,18,44.6,30.0,18,44.3,30.1,12,30.5,39.4,14,35.1,36.3
2023-10-04 14:20:00,19,46.2,28.9,7,17.9,47.8,9,21.3,45.6,18,44.4,30.1,22,53.3,24.2,16,39.2,33.6
2023-10-04 14:25:00,9,23.3,44.2,12,30.5,39.4,20,50.0,26.5,12,30.3,39.5,16,38.5,34.1,4,10.4,52.8
2023-10-04 14:30:00,18,44.0,30.5,10,25.1,43.1,10,24.7,43.3,9,21.5,45.5,8,20.5,46.2,10,24.3,43.6
2023-10-04 14:35:00,17,42.3,31.7,6,15.1,49.8,13,31.4,38.9,9,22.6,44.8,14,34.5,36.8,14,35.8,36.0
2023-10-04 14:40:00,7,18.1,47.8,10,25.8,42.7,24,61.1,19.2,18,45.0,29.9,8,20.0,46.6,8,18.9,47.3
2023-10-04 14:45:00,19,47.3,28.4,10,25.5,42.9,11,28.5,40.9,13,32.0,38.6,16,39.0,34.0,16,39.2,33.8
2023-10-04 14:50:00,17,43.4,31.0,9,22.9,44.8,21,51.5,25.6,7,17.2,48.5,16,40.7,32.9,11,28.3,41.1
2023-10-04 14:55:00,14,34.7,36.9,11,28.5,41.1,13,33.8,37.5,3,7.9,54.7,5,12.7,51.6,9,22.4,45.1
2023-10-04 15:00:00,9,22.1,45.4,20,51.2,26.0,16,39.7,33.6,18,46.0,29.4,14,36.1,36.0,14,34.3,37.2
2023-10-04 15:05:00,8,20.9,46.2,14,36.8,35.6,14,34.8,36.9,10,25.6,43.1,13,32.0,38.8,16,39.7,33.7
2023-10-04 15:10:00,10,26.0,42.8,28,71.2,12.7,18,46.8,29.0,15,39.0,34.2,17,42.2,32.0,8,21.3,45.9
2023-10-04 15:15:00,17,42.5,31.9,14,36.9,35.6,9,24.1,44.2,21,53.0,24.9,18,46.8,29.0,12,30.7,39.7
2023-10-04 15:20:00,8,20.3,46.7,12,30.3,40.1,8,19.9,47.0,6,15.0,50.3,16,41.8,32.4,16,41.7,32.5
2023-10-04 15:25:00,16,41.5,32.6,14,35.0,37.0,10,25.4,43.4,13,34.3,37.5,12,30.4,40.0,9,23.5,44.6
2023-10-04 15:30:00,6,16.7,49.3,15,39.1,34.3,14,36.8,35.9,13,32.7,38.6,19,49.3,27.5,4,10.4,53.4
2023-10-04 15:35:00,12,32.5,38.7,16,42.1,32.4,12,32.3,38.9,16,41.3,32.9,8,22.5,45.4,4,12.5,52.1
2023-10-04 15:40:00,14,37.5,35.5,26,67.0,15.8,18,46.5,29.5,21,54.5,24.2,6,16.1,49.8,11,29.6,40.7
2023-10-04 15:45:00,28,72.9,12.0,9,23.5,44.9,22,55.8,23.4,6,16.2,49.7,0,0.0,60.0,6,16.4,49.6
2023-10-04 15:50:00,6,15.8,50.0,19,49.4,27.7,8,21.8,46.0,17,45.0,30.6,13,35.4,37.0,12,31.3,39.7
2023-10-04 15:55:00,23,58.9,21.4,15,39.9,34.0,9,25.8,43.5,20,52.2,25.8,9,24.4,44.3,24,61.7,19.5
2023-10-04 16:00:00,15,39.3,34.5,4,13.5,51.7,5,15.5,50.3,13,34.3,37.8,16,43.0,32.0,6,16.4,49.8
2023-10-04 16:05:00,16,43.5,31.7,19,48.9,28.1,26,67.8,15.5,13,35.3,37.2,2,7.8,55.5,12,33.1,38.7
2023-10-04 16:10:00,15,39.4,34.5,22,56.6,23.0,16,42.2,32.6,17,43.9,31.5,10,27.9,42.2,27,69.6,14.4
2023-10-04 16:15:00,17,44.5,31.1,9,25.0,44.1,17,45.1,30.8,16,43.0,32.1,17,44.9,30.9,17,44.0,31.5
2023-10-04 16:20:00,13,35.8,37.0,14,38.0,35.5,6,18.0,48.8,18,46.9,29.6,8,22.7,45.7,12,32.6,39.1
2023-10-04 16:25:00,23,60.2,20.8,4,12.5,52.6,14,38.3,35.3,18,46.8,29.7,17,44.5,31.2,13,36.0,36.9
2023-10-04 16:30:00,11,31.7,39.8,7,19.7,47.8,17,46.2,30.1,8,23.9,45.0,11,30.2,40.8,17,45.0,30.9
2023-10-04 16:35:00,21,55.8,23.8,21,54.5,24.6,13,35.0,37.6,20,53.7,25.2,14,38.3,35.4,24,64.2,18.1
2023-10-04 16:40:00,10,29.3,41.4,12,32.0,39.7,21,55.1,24.2,21,56.5,23.3,18,47.9,29.0,11,31.0,40.3
2023-10-04 16:45:00,14,38.3,35.5,8,22.6,46.0,28,73.9,11.8,15,42.0,33.0,20,53.5,25.4,10,27.8,42.5
2023-10-04 16:50:00,8,23.3,45.5,16,42.8,32.5,9,25.1,44.3,5,16.9,49.8,15,40.7,33.9,6,18.7,48.6
2023-10-04 16:55:00,17,46.3,30.2,11,31.7,40.0,8,24.2,45.0,14,37.8,35.9,10,27.3,42.9,15,41.0,33.7
2023-10-04 17:00:00,23,61.3,20.2,12,32.6,39.4,9,26.5,43.5,16,42.5,32.7,12,32.8,39.3,6,18.5,48.7
2023-10-04 17:05:00,14,38.6,35.4,19,50.8,27.2,24,63.8,18.6,8,22.6,46.1,18,49.3,28.3,12,32.8,39.3
2023-10-04 17:10:00,13,36.9,36.6,7,22.4,46.2,21,55.5,24.2,12,34.4,38.2,8,24.5,44.8,9,26.2,43.7
2023-10-04 17:15:00,8,23.2,45.7,9,26.3,43.6,14,37.9,35.9,6,18.8,48.6,13,37.2,36.3,21,56.0,23.8
2023-10-04 17:20:00,13,36.5,36.8,15,42.3,33.0,15,40.5,34.2,18,49.1,28.4,12,34.2,38.4,11,32.3,39.6
2023-10-04 17:25:00,5,16.1,50.4,20,54.5,24.8,10,27.7,42.7,15,42.5,32.8,14,38.4,35.5,17,45.9,30.5
2023-10-04 17:30:00,9,26.3,43.6,22,58.6,22.1,20,53.4,25.6,5,15.3,51.0,8,24.9,44.6,5,15.9,50.5
2023-10-04 17:35:00,16,43.4,32.2,11,30.0,41.2,12,34.3,38.3,17,45.3,31.0,3,12.2,53.0,15,42.0,33.2
2023-10-04 17:40:00,22,59.7,21.3,20,54.0,25.1,13,36.1,37.1,14,39.1,35.1,18,47.8,29.3,7,21.9,46.6
2023-10-04 17:45:00,31,82.0,6.5,10,28.1,42.4,18,49.0,28.5,18,47.7,29.4,20,54.4,24.9,12,33.5,38.8
2023-10-04 17:50:00,11,31.0,40.4,25,67.2,16.3,13,37.0,36.5,12,34.0,38.5,4,13.0,52.5,28,73.0,12.5
2023-10-04 17:55:00,23,61.3,20.3,8,22.7,46.0,13,36.2,37.0,10,27.7,42.6,17,45.3,30.9,20,53.7,25.3
2023-10-04 18:00:00,16,43.3,32.2,22,59.6,21.4,14,39.8,34.6,10,28.1,42.4,21,55.9,23.9,14,37.7,36.0
2023-10-04 18:05:00,13,37.2,36.3,10,29.7,41.3,19,51.4,26.8,11,31.4,40.1,18,48.4,28.8,34,87.5,5.0
2023-10-04 18:10:00,17,45.8,30.5,26,69.6,14.7,24,64.0,18.4,14,39.6,34.6,12,33.1,39.0,9,25.6,44.0
2023-10-04 18:15:00,15,40.1,34.3,18,48.1,29.0,18,48.0,29.1,15,41.4,33.4,9,25.0,44.3,21,56.7,23.3
2023-10-04 18:20:00,15,40.7,33.9,8,23.8,45.2,19,51.1,27.0,13,36.1,36.9,15,40.2,34.2,5,16.0,50.3
2023-10-04 18:25:00,12,32.7,39.2,11,31.0,40.3,13,35.8,37.1,12,32.5,39.3,16,42.5,32.6,13,35.1,37.5
2023-10-04 18:30:00,6,17.6,49.2,19,50.3,27.4,10,28.0,42.3,12,33.3,38.7,15,40.0,34.2,6,18.4,48.7
2023-10-04 18:35:00,5,15.2,50.8,20,54.2,24.8,18,48.2,28.8,29,76.0,10.2,13,35.7,37.1,16,42.2,32.7
2023-10-04 18:40:00,18,47.9,28.9,14,37.1,36.1,15,40.7,33.7,10,26.6,43.1,8,21.9,46.3,14,39.0,34.9
2023-10-04 18:45:00,12,33.7,38.3,14,38.5,35.1,6,16.5,49.8,11,29.5,41.1,17,44.2,31.3,12,33.3,38.6
2023-10-04 18:50:00,10,28.7,41.7,19,49.0,28.1,12,32.7,39.0,34,87.0,5.0,17,44.7,31.0,21,54.0,24.8
2023-10-04 18:55:00,14,37.5,35.7,15,39.3,34.5,13,36.1,36.7,16,43.7,31.6,15,40.3,33.8,11,28.8,41.5
2023-10-04 19:00:00,19,49.0,28.0,6,17.7,48.9,11,29.4,41.1,6,16.4,49.8,15,38.7,34.9,16,42.0,32.7
2023-10-04 19:05:00,15,39.5,34.3,9,24.6,44.2,23,59.0,21.3,19,49.4,27.7,24,62.0,19.3,19,49.1,27.9
2023-10-04 19:10:00,10,26.6,42.8,15,40.0,33.9,17,43.7,31.5,8,22.8,45.4,10,27.1,42.5,5,14.2,51.1
2023-10-04 19:15:00,21,54.6,24.1,21,54.4,24.3,22,56.8,22.7,19,49.8,27.3,21,55.4,23.6,9,25.0,43.9
2023-10-04 19:20:00,23,59.6,20.8,23,60.1,20.4,15,39.8,33.9,12,32.7,38.7,9,24.9,43.9,14,36.7,36.0
2023-10-04 19:25:00,17,43.0,31.8,18,47.3,28.9,14,36.8,35.9,11,29.0,41.1,20,52.2,25.6,17,45.0,30.4
2023-10-04 19:30:00,19,49.9,27.1,15,39.6,34.0,8,21.2,46.2,23,59.4,20.8,21,53.8,24.5,22,56.6,22.6
2023-10-04 19:35:00,21,53.6,24.6,18,46.2,29.5,14,35.2,36.9,17,43.5,31.3,12,30.6,39.9,12,31.7,39.2
2023-10-04 19:40:00,20,51.6,25.9,9,24.7,43.8,14,34.9,37.0,19,49.3,27.4,23,59.6,20.6,12,29.9,40.3
2023-10-04 19:45:00,17,43.6,31.2,12,32.1,38.8,5,13.9,51.0,16,40.9,33.0,16,41.4,32.6,8,21.3,46.0
2023-10-04 19:50:00,17,43.1,31.5,8,21.7,45.7,10,26.0,42.9,11,27.4,41.9,8,20.9,46.2,15,39.0,34.2
2023-10-04 19:55:00,16,41.6,32.4,6,15.1,50.1,11,28.9,40.8,17,43.0,31.5,11,28.2,41.4,11,29.3,40.6
2023-10-04 20:00:00,7,17.0,48.7,15,38.5,34.4,16,39.7,33.6,20,51.6,25.7,20,50.5,26.4,12,29.4,40.5
2023-10-04 20:05:00,17,43.7,30.9,14,36.0,36.0,16,40.1,33.3,14,35.2,36.5,19,47.1,28.7,13,31.8,38.8
2023-10-04 20:10:00,5,12.6,51.6,17,43.2,31.2,10,24.2,43.8,24,60.0,20.0,7,17.1,48.6,16,41.2,32.5
2023-10-04 20:15:00,8,20.7,46.1,16,40.9,32.7,16,39.7,33.5,18,45.4,29.7,12,30.6,39.6,10,24.2,43.8
2023-10-04 20:20:00,21,52.0,25.3,14,36.0,35.9,12,29.7,40.1,14,35.6,36.2,14,35.5,36.3,8,20.8,46.0
2023-10-04 20:25:00,18,44.7,30.0,16,40.5,32.9,0,0.0,60.0,14,35.9,35.9,10,24.5,43.5,16,38.6,34.1
2023-10-04 20:30:00,22,54.2,23.7,13,31.3,39.0,10,24.6,43.4,14,34.0,37.2,27,67.3,15.0,0,0.0,60.0
2023-10-04 20:35:00,11,27.6,41.4,15,37.8,34.5,19,47.8,27.9,5,12.9,51.2,14,35.2,36.3,9,22.6,44.7
2023-10-04 20:40:00,6,14.1,50.3,8,20.5,46.0,3,6.2,55.6,12,30.1,39.7,12,30.5,39.4,6,14.2,50.3
2023-10-04 20:45:00,11,27.6,41.3,15,36.8,35.2,13,32.9,37.8,14,34.5,36.7,20,49.1,27.0,20,49.3,26.9
2023-10-04 20:50:00,13,32.5,38.0,17,41.0,32.3,22,54.8,23.2,10,24.8,43.2,11,25.5,42.7,10,24.4,43.4
2023-10-04 20:55:00,13,32.0,38.3,9,20.7,45.8,8,19.4,46.7,15,35.9,35.7,19,45.9,29.0,9,22.4,44.7
2023-10-04 21:00:00,19,47.6,27.9,13,31.4,38.7,13,30.6,39.2,13,30.9,39.0,3,5.6,55.9,12,29.9,39.7
2023-10-04 21:05:00,10,25.0,42.9,9,21.1,45.5,5,10.9,52.3,17,42.0,31.6,10,23.6,43.8,9,21.5,45.2
2023-10-04 21:10:00,15,35.5,35.9,9,22.3,44.6,22,54.6,23.1,17,40.2,32.8,19,46.0,28.9,10,24.2,43.4
2023-10-04 21:15:00,7,15.2,49.4,6,13.2,50.7,12,28.8,40.3,14,32.6,37.8,22,53.6,23.8,13,31.5,38.5
2023-10-04 21:20:00,15,36.7,35.0,20,48.9,26.9,13,30.6,39.1,4,9.4,53.2,8,18.3,47.3,10,23.6,43.8
2023-10-04 21:25:00,12,29.8,39.6,19,45.7,29.0,21,50.1,26.1,23,56.6,21.7,7,16.4,48.5,10,23.3,43.9
2023-10-04 21:30:00,8,18.4,47.2,16,37.7,34.3,16,39.5,33.1,12,27.5,41.1,16,38.1,34.0,6,14.5,49.8
2023-10-04 21:35:00,11,26.0,42.1,24,59.1,20.0,7,16.4,48.5,12,28.3,40.6,9,20.1,46.0,5,12.2,51.3
2023-10-04 21:40:00,11,26.6,41.7,11,26.5,41.7,8,19.7,46.3,10,24.2,43.2,11,25.3,42.5,13,30.3,39.2
2023-10-04 21:45:00,11,25.2,42.6,31,74.7,9.6,15,36.7,34.9,9,21.9,44.8,18,42.4,31.1,14,33.9,36.8
2023-10-04 21:50:00,23,55.7,22.2,11,25.7,42.2,9,19.8,46.2,22,52.3,24.5,9,21.0,45.4,4,7.7,54.2
2023-10-04 21:55:00,12,27.6,41.0,14,32.9,37.4,0,0.0,60.0,21,49.8,26.1,1,0.0,59.6,17,40.4,32.4
2023-10-04 22:00:00,11,25.3,42.5,10,23.0,44.0,12,28.2,40.6,15,35.6,35.6,4,9.4,53.0,17,40.4,32.4
2023-10-04 22:05:00,0,0.0,60.0,14,31.5,37.8,3,3.7,56.4,11,24.3,42.6,12,26.0,41.5,18,40.5,31.8
2023-10-04 22:10:00,6,12.4,50.5,17,38.3,33.2,21,50.0,25.4,15,35.1,35.4,0,0.0,60.0,13,30.3,38.6
2023-10-04 22:15:00,10,21.8,44.3,11,24.0,42.8,13,28.4,39.9,12,26.8,40.9,10,21.3,44.6,15,35.3,35.3
2023-10-04 22:20:00,8,15.4,48.5,22,52.3,23.9,6,12.1,50.7,10,22.8,43.6,3,4.8,55.6,25,58.4,19.8
2023-10-04 22:25:00,20,46.3,27.9,13,29.2,39.3,7,15.1,48.7,14,30.7,38.3,21,50.2,25.3,10,21.1,44.7
2023-10-04 22:30:00,11,23.1,43.4,13,29.6,39.0,0,0.0,60.0,9,18.9,46.1,25,58.0,20.1,5,9.8,52.2
2023-10-04 22:35:00,19,44.8,28.9,6,11.8,50.9,5,9.0,52.8,13,29.3,39.2,5,9.6,52.3,2,2.5,57.1
2023-10-04 22:40:00,12,26.4,41.2,14,31.7,37.6,18,40.7,31.6,13,28.5,39.7,13,29.3,39.2,22,51.8,24.2
2023-10-04 22:45:00,12,25.9,41.4,11,23.4,43.1,25,58.9,19.5,15,34.4,35.8,6,11.0,51.4,22,51.9,24.1
2023-10-04 22:50:00,11,24.0,42.7,8,16.2,47.9,16,36.2,34.6,8,16.1,48.0,10,20.7,44.9,6,11.5,51.1
2023-10-04 22:55:00,12,25.4,41.8,7,13.7,49.6,11,23.9,42.8,16,36.0,34.7,22,52.4,23.8,7,14.4,49.1
2023-10-04 23:00:00,22,51.1,24.7,28,65.3,15.1,9,18.8,46.2,6,11.7,50.9,9,18.3,46.5,10,20.4,45.1
2023-10-04 23:05:00,0,0.0,60.0,10,21.3,44.5,6,10.9,51.4,8,16.7,47.6,10,21.0,44.7,19,43.6,29.6
2023-10-04 23:10:00,0,0.0,60.0,3,3.4,56.5,24,56.1,21.3,8,17.3,47.2,6,11.1,51.3,4,5.9,54.8
2023-10-04 23:15:00,8,17.0,47.3,7,14.7,48.9,10,22.4,43.8,5,9.1,52.6,18,42.4,30.4,0,0.0,60.0
2023-10-04 23:20:00,12,25.4,41.8,11,24.4,42.4,24,56.9,20.8,18,40.4,31.8,0,0.0,60.0,25,57.7,20.2
2023-10-04 23:25:00,16,35.5,35.0,15,33.4,36.5,20,46.1,28.0,6,10.6,51.6,9,18.5,46.4,13,29.8,38.8
2023-10-04 23:30:00,14,32.2,37.2,15,33.5,36.4,1,0.0,59.3,7,14.6,48.9,11,24.4,42.4,14,31.9,37.4
2023-10-04 23:35:00,9,19.4,45.8,16,35.3,35.2,8,15.1,48.6,19,43.9,29.4,8,15.2,48.6,10,22.0,44.0
2023-10-04 23:40:00,18,40.4,31.8,8,15.4,48.4,8,15.1,48.6,8,16.5,47.7,17,38.1,33.3,14,32.1,37.3
2023-10-04 23:45:00,18,40.5,31.7,14,30.2,38.6,11,23.9,42.8,10,22.3,43.8,19,43.1,29.9,2,2.4,57.1
2023-10-04 23:50:00,13,27.8,40.1,6,11.9,50.7,11,24.2,42.6,5,9.9,52.1,3,3.9,56.1,6,12.5,50.4
2023-10-04 23:55:00,17,39.5,32.3,8,15.8,48.2,29,70.0,12.0,17,37.6,33.6,24,56.5,21.0,12,26.6,40.9
2023-10-05 00:00:00,13,29.1,39.3,6,11.2,51.2,5,8.8,52.8,17,37.7,33.5,3,3.7,56.2,0,0.0,60.0
2023-10-05 00:05:00,8,16.6,47.6,4,7.2,53.9,13,28.4,39.7,16,36.1,34.6,19,44.3,29.1,10,20.5,45.0
2023-10-05 00:10:00,16,35.5,35.0,18,41.0,31.4,15,34.2,35.8,15,33.1,36.6,12,27.2,40.5,9,19.5,45.6
2023-10-05 00:15:00,12,26.7,40.9,16,35.3,35.1,11,25.0,42.0,12,26.1,41.3,8,17.4,47.0,10,20.5,45.0
2023-10-05 00:20:00,12,25.0,42.0,17,39.7,32.2,12,26.7,40.9,8,17.1,47.2,9,18.9,46.1,8,16.7,47.5
2023-10-05 00:25:00,20,47.1,27.3,12,25.6,41.6,5,9.3,52.4,7,12.8,50.1,11,24.5,42.3,6,10.1,52.0
2023-10-05 00:30:00,0,0.0,60.0,16,36.7,34.2,12,26.6,40.9,19,44.3,29.1,13,28.1,39.9,1,0.0,60.0
2023-10-05 00:35:00,3,3.7,56.2,1,0.0,59.6,15,32.7,36.9,16,36.5,34.4,6,11.2,51.2,12,27.2,40.6
2023-10-05 00:40:00,4,7.2,53.9,17,37.9,33.4,13,29.9,38.7,7,14.6,48.9,10,21.5,44.3,10,20.5,45.0
2023-10-05 00:45:00,9,19.6,45.6,13,27.7,40.2,15,33.6,36.3,12,25.6,41.6,7,13.4,49.7,3,4.4,55.8
2023-10-05 00:50:00,10,21.2,44.5,15,34.4,35.7,20,46.2,27.9,10,20.5,45.0,4,6.8,54.2,12,25.9,41.4
2023-10-05 00:55:00,2,2.4,57.1,14,30.7,38.2,17,39.1,32.6,5,8.1,53.3,7,12.7,50.2,10,20.6,44.9
2023-10-05 01:00:00,6,10.2,51.9,6,10.2,51.9,12,26.1,41.3,13,27.7,40.2,5,7.8,53.5,9,18.1,46.6
2023-10-05 01:05:00,6,12.1,50.6,3,2.5,57.0,4,7.4,53.7,9,18.8,46.2,9,18.7,46.2,0,0.0,60.0
2023-10-05 01:10:00,26,61.9,17.4,7,14.3,49.1,8,16.0,48.0,6,10.7,51.5,14,31.5,37.7,16,35.2,35.2
2023-10-05 01:15:00,22,52.0,24.0,15,33.5,36.4,10,21.7,44.2,3,2.8,56.8,12,26.8,40.8,4,6.5,54.3
2023-10-05 01:20:00,9,18.8,46.1,16,35.4,35.1,13,28.8,39.5,2,1.5,57.6,23,54.6,22.3,12,25.9,41.4
2023-10-05 01:25:00,9,19.5,45.6,3,4.5,55.7,9,17.8,46.8,9,19.4,45.7,0,0.0,60.0,7,12.9,50.1
2023-10-05 01:30:00,5,7.8,53.5,6,10.3,51.8,6,11.0,51.4,11,23.7,42.9,14,32.0,37.3,9,19.2,45.9
2023-10-05 01:35:00,0,0.0,60.0,7,14.2,49.2,4,7.2,53.9,6,11.9,50.8,12,25.1,41.9,18,42.3,30.5
2023-10-05 01:40:00,11,23.2,43.2,9,19.6,45.6,2,0.2,58.5,15,34.8,35.5,16,37.2,33.8,15,33.0,36.7
2023-10-05 01:45:00,6,10.0,52.0,3,4.6,55.6,10,21.5,44.3,11,24.0,42.7,16,35.7,34.8,18,42.0,30.7
2023-10-05 01:50:00,11,23.7,42.8,3,3.7,56.2,3,3.0,56.7,15,33.7,36.2,11,22.5,43.6,13,30.0,38.7
2023-10-05 01:55:00,2,1.0,58.0,7,12.7,50.2,5,10.0,52.0,10,22.3,43.8,13,27.6,40.3,14,30.9,38.0
2023-10-05 02:00:00,7,13.6,49.6,12,26.3,41.1,9,19.1,45.9,7,13.2,49.9,7,13.8,49.4,1,0.0,59.8
2023-10-05 02:05:00,12,27.2,40.5,4,7.3,53.8,3,5.0,55.4,12,26.7,40.9,15,34.2,35.9,10,20.2,45.2
2023-10-05 02:10:00,14,30.5,38.3,11,23.3,43.2,14,30.7,38.2,4,6.1,54.6,0,0.0,60.0,10,21.6,44.2
2023-10-05 02:15:00,14,31.3,37.8,18,40.9,31.4,16,36.1,34.6,15,33.1,36.6,16,36.7,34.2,19,43.4,29.8
2023-10-05 02:20:00,4,5.2,55.2,4,5.5,55.0,8,16.8,47.5,6,11.0,51.4,11,24.7,42.2,8,17.4,47.1
2023-10-05 02:25:00,17,37.8,33.4,10,21.9,44.1,9,18.5,46.4,17,38.8,32.8,9,17.7,46.9,13,29.0,39.3
2023-10-05 02:30:00,7,13.0,50.0,18,40.4,31.7,15,33.1,36.6,9,19.9,45.4,10,21.5,44.3,13,28.4,39.7
2023-10-05 02:35:00,15,34.5,35.7,9,18.7,46.2,7,14.3,49.1,18,41.0,31.4,11,22.6,43.6,18,42.4,30.4
2023-10-05 02:40:00,11,24.9,42.1,8,16.4,47.7,7,13.3,49.8,5,8.2,53.2,19,44.5,29.0,11,23.0,43.3
2023-10-05 02:45:00,3,4.4,55.8,18,42.5,30.4,19,43.0,30.0,7,14.9,48.8,31,73.5,9.7,16,37.4,33.7
2023-10-05 02:50:00,10,20.3,45.1,10,20.4,45.0,17,38.3,33.1,14,30.7,38.2,19,43.3,29.8,1,0.0,59.0
2023-10-05 02:55:00,14,30.5,38.3,18,41.6,30.9,15,34.1,36.0,19,42.6,30.3,8,16.6,47.6,2,0.8,58.1
2023-10-05 03:00:00,15,34.2,35.9,14,31.5,37.7,17,38.9,32.7,22,50.0,25.3,15,34.5,35.7,0,0.0,60.0
2023-10-05 03:05:00,11,22.9,43.4,9,19.9,45.4,0,0.0,60.0,12,25.7,41.6,16,35.1,35.2,16,36.8,34.1
2023-10-05 03:10:00,21,48.0,26.7,14,32.3,37.2,20,45.4,28.4,23,52.6,23.6,6,11.2,51.2,16,35.2,35.2
2023-10-05 03:15:00,18,40.2,31.9,13,29.9,38.8,14,30.9,38.0,10,20.7,44.9,4,6.2,54.6,17,38.5,33.0
2023-10-05 03:20:00,10,21.2,44.5,18,40.4,31.8,18,40.2,31.9,18,41.6,31.0,11,24.1,42.6,7,14.9,48.7
2023-10-05 03:25:00,16,36.3,34.5,8,16.9,47.4,14,30.9,38.1,6,11.0,51.4,16,37.2,33.9,8,16.6,47.6
2023-10-05 03:30:00,23,54.1,22.6,12,25.7,41.5,12,25.8,41.5,14,31.4,37.7,2,0.9,58.1,11,23.3,43.2
2023-10-05 03:35:00,23,54.5,22.3,11,24.2,42.5,10,21.0,44.7,0,0.0,60.0,7,14.3,49.1,20,46.8,27.5
2023-10-05 03:40:00,4,6.7,54.2,16,35.7,34.9,14,30.7,38.3,5,8.3,53.1,15,33.7,36.2,22,50.6,25.0
2023-10-05 03:45:00,6,11.3,51.2,5,9.8,52.2,10,20.5,45.0,14,32.2,37.2,12,25.8,41.5,16,37.1,34.0
2023-10-05 03:50:00,20,47.5,27.0,18,40.5,31.7,17,38.2,33.2,4,5.5,55.0,20,46.5,27.7,14,30.2,38.6
2023-10-05 03:55:00,5,9.4,52.5,14,32.2,37.2,2,1.4,57.7,14,31.7,37.6,3,4.1,56.0,20,45.3,28.5
2023-10-05 04:00:00,4,5.4,55.1,4,5.5,55.0,8,17.2,47.3,17,38.9,32.8,26,60.6,18.3,10,21.4,44.4
2023-10-05 04:05:00,9,18.0,46.7,19,43.5,29.8,24,56.0,21.4,9,17.8,46.8,2,2.3,57.2,9,19.5,45.7
2023-10-05 04:10:00,14,31.7,37.6,25,58.9,19.5,8,16.0,48.1,6,10.8,51.5,0,0.0,60.0,11,23.4,43.1
2023-10-05 04:15:00,11,23.9,42.8,18,40.5,31.8,10,21.9,44.2,9,18.3,46.5,11,24.6,42.4,6,10.8,51.6
2023-10-05 04:20:00,8,15.7,48.3,20,46.9,27.5,6,12.3,50.6,6,11.0,51.4,5,8.5,53.1,11,22.9,43.5
2023-10-05 04:25:00,8,15.5,48.5,12,26.9,40.9,14,30.6,38.4,11,24.1,42.7,11,25.0,42.1,5,8.8,52.9
2023-10-05 04:30:00,7,15.0,48.8,2,0.7,58.3,7,14.6,49.0,12,27.2,40.7,11,24.6,42.4,18,41.0,31.4
2023-10-05 04:35:00,6,12.6,50.4,1,0.0,60.0,11,23.0,43.5,10,21.2,44.7,10,22.8,43.6,15,33.9,36.2
2023-10-05 04:40:00,25,60.1,18.8,13,29.7,39.0,17,38.6,33.1,22,51.0,24.8,7,13.2,50.0,20,47.3,27.3
2023-10-05 04:45:00,13,30.4,38.5,8,17.1,47.4,7,15.5,48.5,7,15.2,48.7,14,32.4,37.2,2,1.5,57.8
2023-10-05 04:50:00,17,39.4,32.6,6,12.4,50.6,16,37.9,33.6,20,46.9,27.5,10,21.3,44.6,23,54.6,22.4
2023-10-05 04:55:00,9,18.9,46.3,11,25.3,42.0,17,38.5,33.2,5,10.6,51.8,18,42.8,30.4,2,2.6,57.1
2023-10-05 05:00:00,11,26.6,41.7,16,38.6,33.7,19,45.2,29.3,13,30.4,39.1,11,26.6,41.6,5,11.4,51.8
2023-10-05 05:05:00,8,18.8,46.9,4,7.7,54.3,13,31.6,38.3,20,47.3,27.9,7,15.0,49.4,9,20.2,46.0
2023-10-05 05:10:00,0,0.0,60.0,10,22.9,44.1,32,78.3,7.2,19,46.7,28.3,2,4.4,56.5,20,49.3,26.6
2023-10-05 05:15:00,4,9.2,53.3,22,52.5,24.5,19,45.7,29.0,10,23.6,43.8,11,27.3,41.3,14,33.2,37.3
2023-10-05 05:20:00,2,2.9,57.6,6,13.9,50.2,14,34.9,36.2,16,38.4,33.9,5,11.0,52.2,11,26.4,41.9
2023-10-05 05:25:00,0,0.0,60.0,18,43.3,30.7,7,17.1,48.1,15,36.6,35.2,4,10.0,52.9,8,18.4,47.3
2023-10-05 05:30:00,5,12.6,51.2,10,23.2,44.1,12,29.0,40.2,9,22.4,44.7,16,38.4,34.0,4,9.9,53.0
2023-10-05 05:35:00,21,50.6,25.9,16,38.9,33.7,21,52.1,24.9,16,40.0,33.0,2,4.1,56.9,19,47.7,27.8
2023-10-05 05:40:00,12,30.3,39.5,19,47.4,28.0,23,56.6,21.9,24,58.9,20.4,21,52.2,24.9,17,43.0,31.0
2023-10-05 05:45:00,20,50.6,26.0,17,42.4,31.5,22,53.4,24.1,16,38.3,34.2,14,33.6,37.3,21,51.5,25.4
2023-10-05 05:50:00,15,37.7,34.6,18,45.2,29.6,18,43.3,30.9,16,40.0,33.1,13,30.9,39.2,15,37.5,34.8
2023-10-05 05:55:00,18,43.6,30.8,6,14.5,50.1,5,13.0,51.2,17,41.9,31.9,7,16.3,48.9,0,0.0,60.0
2023-10-05 06:00:00,8,18.6,47.5,20,48.8,27.3,16,39.4,33.6,4,10.2,53.1,18,43.6,30.8,5,13.4,50.9
2023-10-05 06:05:00,16,40.3,33.1,8,19.6,46.8,6,13.8,50.7,16,39.3,33.7,13,32.4,38.3,16,39.4,33.6
2023-10-05 06:10:00,17,43.7,30.8,15,36.6,35.5,4,10.4,53.0,7,17.5,48.3,9,22.4,45.0,11,27.2,41.8
2023-10-05 06:15:00,10,24.4,43.7,15,36.9,35.4,15,36.7,35.6,10,24.2,43.9,14,36.1,36.0,10,24.7,43.6
2023-10-05 06:20:00,17,41.8,32.2,16,40.7,33.0,16,41.2,32.6,26,65.8,16.2,3,8.2,54.6,7,16.8,48.8
2023-10-05 06:25:00,17,42.2,32.0,15,38.8,34.3,19,47.3,28.6,12,29.9,40.2,3,9.2,54.0,19,47.9,28.2
2023-10-05 06:30:00,10,25.8,43.0,8,21.4,45.9,16,41.5,32.5,9,23.0,44.9,7,17.3,48.7,16,40.9,32.9
2023-10-05 06:35:00,7,17.6,48.5,5,14.2,50.8,17,42.4,32.0,20,51.7,25.8,15,39.6,33.8,16,41.9,32.3
2023-10-05 06:40:00,6,17.0,49.0,19,47.8,28.4,8,20.0,47.0,8,20.5,46.6,13,34.7,37.2,10,25.2,43.5
2023-10-05 06:45:00,14,36.4,36.1,15,37.9,35.1,13,33.5,38.0,11,28.4,41.4,20,50.8,26.5,15,37.7,35.2
2023-10-05 06:50:00,16,40.3,33.5,20,52.6,25.3,5,12.8,51.9,21,54.1,24.3,8,21.6,46.0,6,15.3,50.2
2023-10-05 06:55:00,9,23.8,44.6,13,35.0,37.1,2,5.7,56.7,14,36.3,36.2,17,44.3,30.9,13,33.8,37.9
2023-10-05 07:00:00,14,36.4,36.2,5,14.9,50.5,18,47.1,29.1,4,12.6,52.1,13,34.3,37.6,0,0.0,60.0
2023-10-05 07:05:00,17,44.9,30.6,20,50.8,26.7,9,25.0,43.9,17,44.5,30.9,8,22.2,45.8,4,12.8,52.0
2023-10-05 07:10:00,18,45.8,30.0,12,31.0,39.9,19,49.7,27.5,11,30.6,40.2,16,42.3,32.4,12,31.7,39.4
2023-10-05 07:15:00,23,60.1,20.6,16,42.0,32.7,21,53.5,25.0,23,59.9,20.7,13,35.8,36.7,28,72.5,12.3
2023-10-05 07:20:00,22,56.2,23.2,10,27.3,42.4,10,27.8,42.2,10,28.0,42.0,10,27.6,42.3,3,10.0,54.0
2023-10-05 07:25:00,8,22.3,45.9,24,61.9,19.4,17,46.1,30.0,20,53.0,25.4,14,37.9,35.4,6,18.6,48.3
2023-10-05 07:30:00,24,62.7,18.9,9,24.3,44.5,10,27.5,42.4,25,64.1,18.0,13,35.5,37.1,15,40.7,33.6
2023-10-05 07:35:00,11,29.7,41.0,12,32.6,39.1,3,9.9,54.1,9,24.9,44.2,13,35.3,37.2,25,64.2,18.0
2023-10-05 07:40:00,20,53.4,25.2,15,39.4,34.5,15,39.6,34.4,13,34.9,37.6,12,31.6,39.7,15,40.8,33.6
2023-10-05 07:45:00,14,38.9,34.9,8,21.5,46.5,11,30.8,40.3,16,43.7,31.7,6,18.3,48.6,18,48.4,28.5
2023-10-05 07:50:00,12,31.8,39.7,16,42.9,32.2,11,31.3,39.9,9,25.1,44.1,15,39.1,34.8,12,32.9,38.9
2023-10-05 07:55:00,3,10.9,53.6,24,62.2,19.4,26,67.6,15.8,16,42.0,32.8,9,25.9,43.5,11,30.3,40.6
2023-10-05 08:00:00,13,35.4,37.2,11,30.6,40.4,5,15.1,50.8,13,34.6,37.7,8,22.7,45.7,15,39.2,34.7
2023-10-05 08:05:00,5,14.6,51.1,16,43.9,31.6,16,43.7,31.7,13,34.3,38.0,13,34.4,37.9,10,28.1,42.1
2023-10-05 08:10:00,20,52.4,25.9,0,0.0,60.0,8,23.0,45.5,14,38.7,35.0,18,48.9,28.2,18,48.8,28.3
2023-10-05 08:15:00,23,60.6,20.4,14,37.3,36.0,20,51.5,26.5,15,38.9,34.9,15,40.6,33.7,4,13.8,51.6
2023-10-05 08:20:00,9,25.8,43.6,12,33.1,38.8,16,42.2,32.6,15,40.2,34.0,11,29.8,40.9,19,51.1,26.7
2023-10-05 08:25:00,16,42.2,32.7,9,25.3,43.9,16,43.3,31.9,10,28.6,41.7,11,29.1,41.4,14,38.2,35.3
2023-10-05 08:30:00,10,26.6,43.0,20,53.7,25.0,8,23.3,45.2,11,29.1,41.3,18,47.0,29.4,13,34.2,37.9
2023-10-05 08:35:00,10,27.8,42.1,12,32.4,39.1,9,25.8,43.5,13,35.5,37.0,0,1.3,59.8,4,12.6,52.3
2023-10-05 08:40:00,19,48.7,28.2,13,34.4,37.7,19,51.0,26.7,14,36.4,36.4,19,49.0,28.0,8,22.4,45.8
2023-10-05 08:45:00,14,36.2,36.5,12,31.2,39.9,24,63.4,18.4,11,30.2,40.5,3,8.7,54.8,21,54.8,24.1
2023-10-05 08:50:00,24,62.7,18.8,2,7.8,55.4,17,43.8,31.4,16,41.4,33.0,5,15.3,50.4,13,33.4,38.3
2023-10-05 08:55:00,11,29.1,41.2,7,19.3,47.7,8,22.8,45.3,3,9.1,54.5,11,28.6,41.5,15,40.5,33.6
2023-10-05 09:00:00,20,51.0,26.5,19,50.4,26.9,16,41.1,33.1,9,25.1,43.8,27,68.6,14.8,8,22.8,45.3
2023-10-05 09:05:00,14,37.2,35.7,1,4.1,57.7,28,72.1,12.4,12,31.5,39.4,24,60.9,19.9,13,35.3,36.9
2023-10-05 09:10:00,18,47.3,28.8,9,23.9,44.5,14,36.9,35.8,8,22.6,45.4,18,46.0,29.7,5,14.8,50.5
2023-10-05 09:15:00,11,28.4,41.4,11,29.1,41.0,22,57.0,22.3,23,59.5,20.7,16,40.4,33.4,14,36.6,36.0
2023-10-05 09:20:00,13,34.0,37.6,24,60.9,19.7,9,23.6,44.5,14,35.0,36.9,2,6.8,55.8,16,40.3,33.4
2023-10-05 09:25:00,13,32.7,38.5,18,45.9,29.6,13,33.8,37.7,14,37.1,35.5,14,36.8,35.7,15,39.2,34.1
2023-10-05 09:30:00,8,21.5,45.8,10,25.7,43.0,17,43.4,31.3,10,26.8,42.3,10,25.8,43.0,8,20.5,46.5
2023-10-05 09:35:00,17,43.7,31.0,21,53.3,24.6,16,39.7,33.7,13,33.5,37.8,8,21.5,45.8,11,28.6,41.1
2023-10-05 09:40:00,17,43.2,31.3,9,22.3,45.2,9,21.9,45.5,6,15.2,50.0,14,35.7,36.3,16,41.5,32.4
2023-10-05 09:45:00,17,42.0,32.0,19,48.2,27.9,8,20.9,46.1,12,30.5,39.7,10,26.0,42.7,12,29.9,40.1
2023-10-05 09:50:00,22,55.8,22.8,5,12.4,51.7,19,47.6,28.2,7,18.7,47.5,18,45.8,29.4,11,28.4,41.0
2023-10-05 09:55:00,22,54.2,23.8,19,48.5,27.6,20,50.3,26.4,11,28.3,41.1,1,3.4,57.6,24,61.0,19.3
2023-10-05 10:00:00,11,26.5,42.2,10,26.0,42.5,22,54.8,23.3,0,0.0,60.0,13,33.2,37.7,7,17.9,47.9
2023-10-05 10:05:00,15,37.4,34.9,7,16.4,48.9,24,58.9,20.5,6,14.9,49.9,8,18.6,47.4,19,48.0,27.8
2023-10-05 10:10:00,9,22.2,45.0,12,28.3,40.9,14,33.6,37.4,22,53.5,24.1,10,25.4,42.8,6,14.2,50.3
2023-10-05 10:15:00,13,31.6,38.6,14,35.4,36.1,11,26.6,42.0,18,43.7,30.6,15,35.8,35.8,17,41.1,32.3
2023-10-05 10:20:00,9,22.0,45.0,10,23.6,43.9,21,51.3,25.5,21,50.8,25.8,6,14.2,50.2,17,41.6,31.9
2023-10-05 10:25:00,22,55.1,22.9,16,39.1,33.6,17,41.4,32.0,21,51.6,25.2,14,33.2,37.5,10,23.1,44.2
2023-10-05 10:30:00,15,36.0,35.6,9,21.8,45.1,7,15.8,49.1,17,40.6,32.5,11,27.3,41.4,5,12.3,51.4
2023-10-05 10:35:00,11,27.0,41.5,16,39.6,33.1,6,14.8,49.7,10,23.5,43.9,9,20.4,46.0,1,0.7,59.1
2023-10-05 10:40:00,20,48.0,27.5,15,36.7,35.0,15,37.5,34.5,6,14.5,49.8,10,23.0,44.2,9,20.9,45.6
2023-10-05 10:45:00,0,0.0,60.0,12,29.0,40.2,11,27.2,41.3,19,47.1,28.1,12,27.6,41.1,16,37.8,34.3
2023-10-05 10:50:00,0,0.0,59.8,10,23.1,44.1,12,29.3,39.9,13,30.7,39.0,8,18.2,47.3,6,13.6,50.4
2023-10-05 10:55:00,17,41.5,31.8,13,31.8,38.2,19,45.7,29.0,27,67.0,14.8,12,29.7,39.6,13,31.0,38.7
2023-10-05 11:00:00,13,30.3,39.2,16,37.7,34.3,17,40.8,32.2,10,23.9,43.4,11,25.2,42.6,4,7.3,54.6
2023-10-05 11:05:00,14,33.0,37.4,25,60.2,19.2,20,49.2,26.6,24,58.9,20.1,9,20.1,46.0,11,25.8,42.2
2023-10-05 11:10:00,4,9.3,53.2,18,43.2,30.5,1,0.2,59.2,11,26.8,41.5,22,53.0,24.0,5,12.0,51.4
2023-10-05 11:15:00,12,28.7,40.2,18,43.7,30.2,14,32.8,37.4,20,49.1,26.6,15,35.3,35.8,12,27.9,40.8
2023-10-05 11:20:00,24,59.0,20.0,31,75.3,9.1,16,39.4,33.1,22,54.4,23.1,10,23.2,43.9,9,21.4,45.0
2023-10-05 11:25:00,17,41.2,31.8,15,36.6,34.9,3,6.0,55.3,6,13.5,50.3,13,31.1,38.6,5,11.0,52.0
2023-10-05 11:30:00,13,31.3,38.4,15,36.1,35.3,8,19.0,46.7,9,21.5,45.0,6,13.4,50.4,8,18.9,46.7
2023-10-05 11:35:00,10,22.1,44.5,16,39.3,33.1,7,16.1,48.5,6,13.2,50.5,10,22.2,44.5,7,14.7,49.5
2023-10-05 11:40:00,10,22.8,44.1,6,13.5,50.3,12,29.0,39.9,5,10.2,52.5,10,23.9,43.4,4,9.0,53.3
2023-10-05 11:45:00,0,0.0,60.0,10,22.0,44.6,22,53.0,23.9,16,38.6,33.5,5,9.9,52.7,19,44.9,29.4
2023-10-05 11:50:00,14,32.5,37.6,9,21.0,45.3,24,58.9,20.0,11,25.6,42.2,15,34.4,36.3,10,23.2,43.8
2023-10-05 11:55:00,17,41.3,31.8,16,38.3,33.7,7,16.4,48.4,13,29.4,39.7,9,21.0,45.3,0,0.0,60.0
2023-10-05 12:00:00,3,4.9,56.0,11,25.9,42.0,15,36.5,35.0,16,36.9,34.7,10,23.2,43.8,8,19.2,46.5
2023-10-05 12:05:00,8,18.6,46.8,13,30.6,38.8,16,36.9,34.6,1,0.7,58.8,9,20.0,45.9,18,42.3,31.1
2023-10-05 12:10:00,5,11.2,51.8,19,44.9,29.3,15,34.4,36.3,20,47.9,27.4,30,72.9,10.6,8,17.1,47.8
2023-10-05 12:15:00,6,14.1,49.9,17,41.5,31.6,15,34.5,36.2,10,23.3,43.7,8,18.6,46.8,21,51.0,25.2
2023-10-05 12:20:00,13,29.4,39.7,11,26.2,41.8,14,33.1,37.2,15,36.6,34.9,0,0.0,60.0,7,15.7,48.8
2023-10-05 12:25:00,0,0.0,60.0,8,18.6,46.9,22,53.9,23.3,16,37.9,34.0,3,4.6,56.2,15,36.2,35.2
2023-10-05 12:30:00,16,37.9,34.0,19,45.7,28.8,19,45.2,29.2,20,49.2,26.5,17,40.0,32.6,18,44.2,29.8
2023-10-05 12:35:00,17,40.0,32.6,17,40.3,32.4,6,12.8,50.8,12,27.1,41.2,20,48.7,26.8,15,35.4,35.7
2023-10-05 12:40:00,11,25.0,42.6,3,4.6,56.2,17,40.7,32.2,0,0.0,60.0,8,18.5,47.0,4,8.1,53.9
2023-10-05 12:45:00,0,0.0,60.0,10,24.1,43.2,18,42.2,31.2,13,29.6,39.5,20,48.0,27.3,7,14.6,49.5
2023-10-05 12:50:00,6,13.9,50.0,13,31.3,38.4,14,33.6,36.9,13,31.9,38.1,17,40.0,32.7,19,46.4,28.4
2023-10-05 12:55:00,20,47.4,27.7,17,40.6,32.3,19,45.9,28.7,6,13.4,50.4,11,26.1,41.9,7,16.8,48.1
2023-10-05 13:00:00,0,0.0,60.0,18,42.6,30.9,13,31.8,38.1,13,31.2,38.5,11,25.1,42.6,18,43.6,30.2
2023-10-05 13:05:00,10,23.9,43.4,14,33.3,37.1,14,32.1,38.0,10,23.7,43.6,13,31.8,38.2,10,22.6,44.3
2023-10-05 13:10:00,5,11.5,51.7,16,38.0,34.1,13,31.0,38.7,4,9.0,53.3,18,42.3,31.1,13,31.3,38.5
2023-10-05 13:15:00,17,41.3,31.8,13,30.2,39.2,0,0.0,60.0,16,39.3,33.1,15,35.2,35.9,4,8.5,53.7
2023-10-05 13:20:00,8,19.3,46.6,8,19.3,46.5,12,28.2,40.6,9,20.9,45.4,8,19.2,46.6,9,20.3,45.9
2023-10-05 13:25:00,15,35.6,35.7,11,25.6,42.4,8,19.5,46.4,10,23.4,43.8,11,26.9,41.5,7,16.4,48.5
2023-10-05 13:30:00,16,38.1,34.0,13,29.9,39.5,5,11.8,51.5,10,22.7,44.3,24,59.4,19.9,14,33.0,37.4
2023-10-05 13:35:00,23,57.3,21.3,12,29.3,40.0,21,51.3,25.3,20,48.3,27.3,14,33.5,37.1,13,31.2,38.7
2023-10-05 13:40:00,11,26.9,41.6,1,1.6,58.4,16,37.5,34.5,12,29.3,39.9,18,43.0,30.8,15,36.9,34.9
2023-10-05 13:45:00,15,35.7,35.7,10,24.1,43.4,12,29.6,39.8,13,31.3,38.7,16,38.2,34.1,10,22.7,44.4
2023-10-05 13:50:00,4,8.0,54.2,13,31.1,38.8,9,21.8,45.0,10,23.6,43.8,14,34.3,36.6,7,16.3,48.7
2023-10-05 13:55:00,20,48.3,27.4,11,26.2,42.1,14,34.9,36.3,15,37.4,34.7,13,32.0,38.2,14,33.2,37.5
2023-10-05 14:00:00,8,19.2,46.8,11,26.9,41.7,19,45.5,29.3,21,50.8,25.7,18,44.1,30.2,6,15.2,49.5
2023-10-05 14:05:00,9,22.4,44.7,16,38.1,34.2,8,18.4,47.4,17,40.5,32.6,17,41.6,31.9,19,47.0,28.3
2023-10-05 14:10:00,13,30.7,39.2,6,14.8,49.8,13,30.9,39.1,17,41.3,32.1,14,35.0,36.4,12,29.3,40.1
2023-10-05 14:15:00,3,7.8,54.5,3,6.8,55.2,18,44.2,30.2,16,40.3,32.8,9,20.8,45.8,11,26.3,42.2
2023-10-05 14:20:00,14,34.9,36.5,11,26.2,42.3,1,2.4,58.1,5,10.7,52.6,15,37.2,34.9,16,38.4,34.2
2023-10-05 14:25:00,19,46.2,29.0,17,43.1,31.0,12,30.8,39.2,8,18.5,47.4,12,30.7,39.3,12,30.5,39.4
2023-10-05 14:30:00,15,36.3,35.6,23,57.2,21.7,10,25.5,42.8,12,28.8,40.6,11,27.3,41.6,3,7.0,55.1
2023-10-05 14:35:00,3,8.3,54.3,18,43.9,30.6,12,30.1,39.8,9,21.3,45.7,29,72.3,11.6,7,16.2,49.0
2023-10-05 14:40:00,12,30.5,39.5,4,10.4,53.0,10,24.9,43.3,7,16.4,48.9,4,9.3,53.7,19,48.3,27.7
2023-10-05 14:45:00,17,43.8,30.7,12,29.2,40.5,14,34.7,36.8,2,4.6,56.9,19,47.0,28.6,14,33.9,37.3
2023-10-05 14:50:00,2,4.8,56.8,15,36.8,35.5,25,61.8,18.8,5,12.7,51.5,8,20.0,46.7,3,7.7,54.8
2023-10-05 14:55:00,7,17.1,48.6,14,35.9,36.1,11,28.4,41.1,12,29.4,40.5,14,35.2,36.6,15,38.5,34.4
2023-10-05 15:00:00,18,46.6,29.0,16,41.6,32.4,15,37.9,34.8,13,32.5,38.4,29,72.0,12.1,10,25.1,43.3
2023-10-05 15:05:00,15,37.8,34.9,8,20.0,46.8,25,63.7,17.7,8,21.9,45.5,7,19.3,47.2,8,20.7,46.4
2023-10-05 15:10:00,16,40.3,33.3,14,35.1,36.8,10,25.8,43.0,14,35.3,36.7,9,23.2,44.7,6,16.9,48.9
2023-10-05 15:15:00,25,62.3,18.7,16,40.7,33.1,24,61.6,19.2,11,27.9,41.7,13,34.1,37.5,19,49.4,27.3
2023-10-05 15:20:00,16,41.7,32.5,18,47.1,28.9,13,34.8,37.1,20,51.0,26.3,8,22.0,45.6,2,5.2,56.8
2023-10-05 15:25:00,17,44.8,30.4,9,22.9,45.1,24,61.7,19.2,13,32.6,38.6,19,48.2,28.2,8,22.4,45.4
2023-10-05 15:30:00,30,75.9,9.8,11,30.1,40.3,18,46.5,29.4,18,45.7,29.9,10,27.3,42.2,14,37.1,35.7
2023-10-05 15:35:00,12,32.4,38.8,0,0.0,60.0,15,40.2,33.6,15,38.6,34.7,18,45.4,30.2,23,59.3,20.9
2023-10-05 15:40:00,9,23.9,44.5,10,26.6,42.8,13,34.9,37.2,5,14.9,50.6,6,15.9,49.9,17,44.2,31.0
2023-10-05 15:45:00,16,42.6,32.1,11,28.3,41.7,10,26.8,42.6,13,34.8,37.3,3,9.1,54.5,9,23.5,44.9
2023-10-05 15:50:00,16,43.1,31.9,8,21.2,46.5,14,37.6,35.5,6,17.9,48.6,12,33.0,38.5,23,59.4,21.0
2023-10-05 15:55:00,11,28.9,41.4,15,39.3,34.5,19,50.2,27.1,13,35.1,37.2,4,13.2,51.8,6,16.4,49.7
2023-10-05 16:00:00,8,21.6,46.3,14,36.2,36.5,14,36.9,36.1,9,25.9,43.4,23,59.8,20.8,16,41.0,33.3
2023-10-05 16:05:00,28,72.0,12.7,0,3.4,58.4,12,32.6,39.0,16,43.1,32.0,5,14.4,51.1,17,44.7,31.0
2023-10-05 16:10:00,16,42.5,32.4,15,40.8,33.5,13,33.8,38.2,6,17.5,49.1,8,22.0,46.1,9,24.4,44.5
2023-10-05 16:15:00,10,26.9,42.9,9,23.9,44.8,20,52.8,25.6,14,38.1,35.4,17,44.1,31.4,18,48.3,28.6
2023-10-05 16:20:00,20,51.9,26.3,17,45.4,30.6,21,56.5,23.2,18,46.7,29.7,11,29.3,41.3,11,30.4,40.6
2023-10-05 16:25:00,14,36.7,36.4,6,19.1,48.1,10,28.4,42.0,20,52.0,26.2,5,15.6,50.5,18,48.8,28.4
2023-10-05 16:30:00,13,34.8,37.7,14,39.0,34.9,10,28.6,41.9,10,27.1,42.8,26,69.2,14.8,3,11.0,53.6
2023-10-05 16:35:00,18,47.2,29.5,13,34.6,37.9,17,44.5,31.3,14,39.1,34.9,8,23.8,45.1,16,43.8,31.7
2023-10-05 16:40:00,7,19.6,47.9,16,43.5,32.0,23,61.9,19.7,15,41.8,33.2,13,36.1,37.0,12,32.8,39.1
2023-10-05 16:45:00,16,44.5,31.4,15,41.1,33.7,21,56.4,23.4,24,62.4,19.4,13,36.0,37.0,21,56.4,23.4
2023-10-05 16:50:00,26,68.0,15.7,13,35.5,37.4,7,20.6,47.3,5,17.1,49.6,19,50.0,27.7,14,38.7,35.3
2023-10-05 16:55:00,17,46.5,30.1,5,16.5,50.1,13,35.5,37.4,9,25.8,43.9,17,46.4,30.1,22,58.2,22.3
2023-10-05 17:00:00,12,34.0,38.4,6,17.5,49.5,9,25.7,44.0,31,81.7,6.6,9,27.2,43.0,17,47.2,29.6
2023-10-05 17:05:00,11,32.1,39.7,11,31.0,40.5,13,35.7,37.3,13,35.6,37.4,12,34.9,37.9,14,37.8,35.9
2023-10-05 17:10:00,12,33.7,38.7,14,39.7,34.7,24,63.9,18.5,3,11.5,53.5,13,36.4,36.9,19,51.6,26.7
2023-10-05 17:15:00,13,36.1,37.1,11,30.8,40.6,6,18.6,48.8,11,31.2,40.4,19,51.1,27.1,19,51.8,26.6
2023-10-05 17:20:00,12,34.3,38.3,18,49.3,28.3,5,15.7,50.7,0,0.0,60.0,7,22.4,46.2,17,47.0,29.8
2023-10-05 17:25:00,20,53.7,25.3,13,35.8,37.3,10,27.6,42.8,16,43.6,32.1,27,70.3,14.3,1,5.6,57.4
2023-10-05 17:30:00,4,14.0,51.8,9,25.5,44.2,16,44.3,31.6,19,52.1,26.4,10,28.6,42.1,9,25.3,44.3
2023-10-05 17:35:00,20,52.9,25.9,13,35.8,37.3,18,49.3,28.3,9,26.3,43.6,14,39.9,34.6,23,60.8,20.7
2023-10-05 17:40:00,12,34.3,38.3,16,43.3,32.3,17,46.5,30.1,12,32.9,39.2,8,22.6,46.1,7,21.1,47.1
2023-10-05 17:45:00,17,45.6,30.8,16,44.8,31.3,22,57.5,22.8,20,53.8,25.3,7,20.4,47.5,20,53.1,25.7
2023-10-05 17:50:00,8,22.9,45.9,26,68.0,15.8,4,13.4,52.2,4,13.6,52.1,9,26.7,43.3,19,50.4,27.5
2023-10-05 17:55:00,22,59.7,21.3,10,29.7,41.3,22,57.6,22.7,7,19.9,47.8,9,25.2,44.3,10,28.9,41.9
2023-10-05 18:00:00,22,58.3,22.2,14,38.5,35.4,13,34.9,37.8,13,36.2,37.0,12,33.4,38.8,2,9.7,54.6
2023-10-05 18:05:00,20,53.9,25.2,17,45.9,30.5,19,50.5,27.4,10,28.2,42.3,9,24.8,44.5,11,31.0,40.4
2023-10-05 18:10:00,5,16.6,50.0,14,39.0,35.1,6,19.5,48.1,13,34.9,37.8,19,49.8,27.9,27,70.5,14.0
2023-10-05 18:15:00,19,51.6,26.6,11,31.7,39.9,14,39.3,34.9,7,20.2,47.5,10,27.4,42.7,9,26.2,43.5
2023-10-05 18:20:00,17,45.1,31.0,5,15.8,50.5,16,42.5,32.6,16,42.2,32.9,9,25.6,43.9,10,27.1,42.9
2023-10-05 18:25:00,5,14.7,51.2,11,31.1,40.2,21,56.1,23.5,13,36.6,36.6,12,32.9,39.0,8,23.8,45.1
2023-10-05 18:30:00,14,38.2,35.4,8,22.5,45.9,5,14.8,51.1,18,46.8,29.7,20,53.5,25.3,22,56.8,23.1
2023-10-05 18:35:00,16,43.8,31.7,4,12.5,52.6,14,38.8,35.0,15,41.4,33.3,15,41.6,33.2,13,34.7,37.7
2023-10-05 18:40:00,17,46.5,29.9,9,26.2,43.4,8,21.8,46.3,15,41.2,33.4,14,36.6,36.4,10,28.7,41.7
2023-10-05 18:45:00,15,40.5,33.8,8,22.2,46.0,17,45.5,30.5,5,16.2,50.0,5,16.4,49.9,23,59.1,21.4
2023-10-05 18:50:00,16,42.0,32.8,18,46.4,29.9,19,49.3,27.9,17,45.0,30.8,7,20.5,47.1,17,46.3,29.9
2023-10-05 18:55:00,23,59.4,21.1,18,46.4,29.8,22,56.6,23.0,12,32.4,39.1,6,18.2,48.6,8,23.5,45.0
2023-10-05 19:00:00,21,55.4,23.7,8,23.5,45.0,11,29.0,41.3,13,34.6,37.6,22,56.7,22.9,7,18.7,48.2
2023-10-05 19:05:00,0,0.0,60.0,12,32.9,38.7,19,50.7,26.8,20,52.5,25.6,17,44.7,30.8,21,54.1,24.5
2023-10-05 19:10:00,12,31.7,39.4,3,8.6,54.8,22,56.9,22.7,9,25.7,43.5,9,23.6,44.9,14,36.7,36.1
2023-10-05 19:15:00,13,33.7,38.1,11,28.8,41.4,4,11.5,52.8,22,56.5,22.9,10,27.7,42.1,4,12.9,51.9
2023-10-05 19:20:00,3,9.6,54.1,16,41.9,32.6,17,45.1,30.4,22,57.6,22.1,9,23.5,44.8,3,9.1,54.4
2023-10-05 19:25:00,14,37.0,35.8,19,48.0,28.5,19,50.0,27.1,18,46.9,29.2,8,22.3,45.6,7,18.8,47.9
2023-10-05 19:30:00,21,54.0,24.4,9,24.6,44.0,12,31.4,39.4,8,20.6,46.7,16,42.2,32.3,6,16.7,49.3
2023-10-05 19:35:00,7,18.7,47.9,20,50.8,26.5,6,16.8,49.1,0,2.2,58.9,12,30.7,39.9,1,4.3,57.5
2023-10-05 19:40:00,15,39.7,33.8,4,11.9,52.3,19,48.8,27.7,20,50.9,26.4,26,65.9,16.4,7,18.2,48.2
2023-10-05 19:45:00,8,20.6,46.5,6,15.7,49.8,6,16.4,49.3,14,36.0,36.2,21,53.1,24.8,8,20.6,46.5
2023-10-05 19:50:00,9,24.0,44.2,18,44.7,30.4,12,31.4,39.2,9,22.9,44.9,21,53.7,24.4,11,27.1,42.1
2023-10-05 19:55:00,22,55.9,22.8,23,58.8,20.9,13,33.2,38.0,20,51.4,25.9,17,43.9,30.9,23,59.2,20.7
2023-10-05 20:00:00,10,25.4,43.2,16,40.9,32.8,17,44.2,30.6,8,20.6,46.4,11,27.2,42.0,12,29.5,40.4
2023-10-05 20:05:00,16,40.1,33.3,13,32.6,38.3,9,23.8,44.2,11,26.8,42.1,17,42.2,31.9,12,30.7,39.6
2023-10-05 20:10:00,2,4.9,56.7,0,0.0,60.0,9,22.7,44.9,16,40.8,32.8,11,27.7,41.5,16,40.6,32.9
2023-10-05 20:15:00,24,60.6,19.5,1,2.3,58.4,14,34.1,37.2,6,16.0,49.3,23,57.1,21.9,12,29.1,40.5
2023-10-05 20:20:00,17,41.4,32.3,14,34.3,37.0,19,47.5,28.2,12,30.8,39.4,15,38.5,34.3,15,38.4,34.3
2023-10-05 20:25:00,12,29.4,40.3,11,26.8,42.0,27,66.5,15.6,19,48.5,27.5,15,36.1,35.8,15,36.4,35.6
2023-10-05 20:30:00,16,40.5,32.8,6,15.3,49.6,4,9.3,53.6,14,35.1,36.4,14,33.8,37.3,14,33.7,37.3
2023-10-05 20:35:00,4,10.5,52.8,13,32.6,38.0,15,36.4,35.5,20,50.4,26.2,23,57.8,21.3,29,73.2,11.0
2023-10-05 20:40:00,20,49.2,27.0,13,33.2,37.6,6,15.1,49.7,20,48.4,27.5,4,9.9,53.1,18,45.1,29.7
2023-10-05 20:45:00,11,26.3,42.1,18,45.4,29.5,19,46.5,28.7,13,31.3,38.8,24,58.8,20.5,6,15.0,49.7
2023-10-05 20:50:00,11,27.9,41.0,14,33.0,37.6,7,16.9,48.4,0,0.0,60.0,12,28.2,40.9,15,36.5,35.3
2023-10-05 20:55:00,10,23.4,44.0,20,49.2,26.8,9,20.7,45.9,6,14.2,50.2,4,9.7,53.2,8,18.9,47.0
2023-10-05 21:00:00,9,21.9,45.0,13,30.7,39.1,9,21.8,45.1,17,42.0,31.6,8,19.3,46.7,15,37.3,34.7
2023-10-05 21:05:00,17,40.8,32.3,12,28.7,40.4,12,29.3,40.1,3,7.2,54.8,3,5.6,55.8,4,9.8,53.0
2023-10-05 21:10:00,14,34.1,36.8,19,46.2,28.7,14,35.1,36.2,11,25.3,42.6,16,40.0,32.8,6,13.6,50.5
2023-10-05 21:15:00,16,39.8,32.9,7,15.4,49.2,15,37.3,34.6,15,35.1,36.1,6,14.5,49.8,15,35.2,36.0
2023-10-05 21:20:00,12,29.8,39.6,29,72.1,11.4,12,29.8,39.6,21,52.0,24.8,13,32.4,37.9,18,44.9,29.6
2023-10-05 21:25:00,16,37.5,34.5,15,35.4,35.9,4,9.8,52.9,9,21.1,45.4,19,46.8,28.3,15,37.3,34.6
2023-10-05 21:30:00,10,23.3,43.9,15,35.3,35.9,17,40.5,32.4,9,20.0,46.1,8,19.5,46.4,18,42.4,31.1
2023-10-05 21:35:00,26,62.9,17.5,16,37.4,34.5,12,28.7,40.3,12,28.7,40.3,11,25.5,42.4,15,35.1,36.0
2023-10-05 21:40:00,3,5.9,55.5,24,57.5,21.0,19,46.8,28.2,14,34.6,36.3,5,9.8,52.8,13,32.0,38.1
2023-10-05 21:45:00,20,48.2,27.3,17,41.1,31.9,8,18.6,46.9,11,26.9,41.4,10,23.4,43.8,9,21.7,44.9
2023-10-05 21:50:00,21,49.7,26.2,3,5.1,56.0,3,5.1,55.9,19,44.9,29.4,28,67.8,14.2,17,41.3,31.8
2023-10-05 21:55:00,7,16.3,48.5,21,50.1,25.9,12,28.5,40.3,8,17.1,48.0,17,40.7,32.2,18,44.4,29.7
2023-10-05 22:00:00,26,62.4,17.7,10,23.8,43.4,20,48.4,27.1,13,30.8,38.8,11,25.0,42.7,12,28.0,40.7
2023-10-05 22:05:00,18,40.8,31.6,12,27.5,40.5,13,28.3,40.0,14,32.5,37.1,8,16.7,47.7,11,24.1,42.7
2023-10-05 22:10:00,17,40.4,31.9,4,6.6,54.4,10,22.8,43.6,9,19.8,45.6,11,25.1,42.0,21,49.7,25.7
2023-10-05 22:15:00,12,26.1,41.4,15,33.6,36.4,6,12.7,50.3,17,38.3,33.2,12,27.7,40.3,12,25.4,41.8
2023-10-05 22:20:00,10,22.4,43.8,8,15.9,48.2,22,52.0,24.1,13,27.9,40.2,9,19.4,45.9,12,26.8,40.9
2023-10-05 22:25:00,10,22.4,43.8,12,27.1,40.7,5,10.1,52.0,16,37.4,33.8,15,33.5,36.4,15,32.8,36.9
2023-10-05 22:30:00,14,31.4,37.8,10,21.3,44.6,7,14.6,49.0,13,28.4,39.8,6,11.2,51.3,11,24.1,42.7
2023-10-05 22:35:00,20,46.5,27.8,23,54.3,22.5,15,34.0,36.1,14,31.1,38.0,6,11.1,51.3,7,13.2,50.0
2023-10-05 22:40:00,13,28.1,40.0,23,55.2,22.0,0,0.0,60.0,8,15.9,48.1,14,31.0,38.1,14,31.1,38.0
2023-10-05 22:45:00,6,11.7,50.9,12,26.1,41.3,19,44.5,29.1,8,15.9,48.1,5,7.9,53.5,11,24.8,42.2
2023-10-05 22:50:00,17,37.7,33.6,12,26.3,41.2,15,34.7,35.6,19,43.7,29.6,16,36.3,34.5,23,53.0,23.4
2023-10-05 22:55:00,17,39.1,32.6,9,19.7,45.6,17,38.8,32.9,15,34.8,35.5,11,25.1,42.0,16,37.1,34.0
2023-10-05 23:00:00,15,35.1,35.3,18,41.9,30.8,15,33.6,36.3,5,9.9,52.1,1,0.0,60.0,8,16.3,47.8
2023-10-05 23:05:00,16,36.4,34.4,10,20.3,45.2,11,22.8,43.5,13,28.0,40.1,12,26.9,40.8,16,36.2,34.6
2023-10-05 23:10:00,10,21.2,44.6,9,18.9,46.1,5,9.3,52.5,0,0.0,60.0,1,0.0,58.7,13,29.8,38.8
2023-10-05 23:15:00,6,11.3,51.2,17,39.9,32.1,11,23.1,43.3,8,16.6,47.6,16,35.6,35.0,19,44.8,28.8
2023-10-05 23:20:00,6,12.1,50.6,8,17.1,47.3,6,10.5,51.7,17,39.6,32.3,10,21.4,44.4,8,17.3,47.2
2023-10-05 23:25:00,2,0.6,58.3,11,24.6,42.3,14,32.4,37.1,11,23.3,43.2,23,52.9,23.4,13,28.0,40.0
2023-10-05 23:30:00,13,28.7,39.6,2,1.4,57.7,16,37.2,33.9,12,26.9,40.8,18,41.2,31.2,11,23.6,42.9
2023-10-05 23:35:00,11,23.9,42.8,16,35.7,34.9,20,47.3,27.2,0,0.0,60.0,5,9.2,52.5,12,26.0,41.4
2023-10-05 23:40:00,9,18.5,46.3,23,54.2,22.5,14,30.7,38.2,9,19.2,45.9,0,0.0,60.0,6,11.8,50.8
2023-10-05 23:45:00,0,0.0,60.0,16,35.9,34.7,17,39.0,32.7,14,30.2,38.6,7,13.8,49.5,15,33.7,36.2
2023-10-05 23:50:00,4,6.4,54.4,20,47.0,27.3,10,20.6,44.9,14,32.1,37.3,4,6.8,54.2,14,31.3,37.8
2023-10-05 23:55:00,18,41.9,30.8,6,12.4,50.4,9,17.9,46.7,17,39.5,32.3,22,52.5,23.7,19,44.3,29.1
2023-10-06 00:00:00,8,15.0,48.6,13,28.5,39.6,14,32.1,37.3,10,21.8,44.1,11,24.8,42.1,11,24.8,42.1
2023-10-06 00:05:00,14,30.4,38.4,6,10.9,51.4,9,19.2,45.9,11,22.5,43.7,17,39.0,32.7,9,18.8,46.1
2023-10-06 00:10:00,3,4.1,55.9,10,21.6,44.3,13,29.0,39.3,4,5.0,55.3,10,20.7,44.9,16,36.8,34.1
2023-10-06 00:15:00,20,46.6,27.6,16,36.6,34.3,5,9.1,52.6,10,21.9,44.0,10,22.3,43.8,7,13.1,49.9
2023-10-06 00:20:00,11,22.8,43.4,12,26.5,41.0,6,11.8,50.8,4,6.1,54.6,11,24.5,42.3,18,41.3,31.2
2023-10-06 00:25:00,13,29.4,39.1,3,3.8,56.1,15,34.5,35.6,0,0.0,60.0,18,41.6,30.9,18,41.2,31.2
2023-10-06 00:30:00,25,59.9,18.7,4,5.3,55.2,17,38.3,33.1,5,8.7,52.9,13,29.7,38.9,19,43.9,29.4
2023-10-06 00:35:00,21,47.7,26.8,3,4.3,55.8,6,10.2,51.9,21,47.6,26.9,5,9.1,52.6,14,30.6,38.2
2023-10-06 00:40:00,10,20.4,45.1,14,32.4,37.1,16,35.1,35.3,10,20.9,44.7,21,49.3,25.8,9,17.7,46.9
2023-10-06 00:45:00,8,16.1,47.9,24,56.0,21.4,8,17.0,47.3,13,28.3,39.8,10,20.6,44.9,12,26.6,40.9
2023-10-06 00:50:00,10,20.1,45.3,20,45.4,28.4,12,25.2,41.8,8,17.3,47.1,9,18.2,46.6,14,30.7,38.2
2023-10-06 00:55:00,15,32.6,36.9,0,0.0,60.0,20,46.3,27.8,1,0.0,59.9,0,0.0,60.0,8,16.6,47.6
2023-10-06 01:00:00,11,23.4,43.1,20,46.3,27.8,16,37.1,33.9,17,39.0,32.6,15,34.5,35.7,19,45.0,28.7
2023-10-06 01:05:00,9,19.1,46.0,17,39.0,32.6,16,36.9,34.0,0,0.0,60.0,12,26.5,41.0,15,33.7,36.2
2023-10-06 01:10:00,20,47.0,27.3,2,1.8,57.5,23,53.6,22.9,8,16.7,47.5,12,26.5,41.0,6,11.6,50.9
2023-10-06 01:15:00,11,23.3,43.1,10,20.5,45.0,7,14.4,49.0,11,24.2,42.5,9,19.0,46.0,23,53.2,23.2
2023-10-06 01:20:00,25,59.5,19.0,18,41.4,31.0,6,10.2,51.9,13,28.5,39.7,8,16.4,47.8,12,26.5,41.0
2023-10-06 01:25:00,12,26.4,41.1,15,33.3,36.5,7,14.2,49.2,7,14.1,49.3,9,19.5,45.7,5,8.6,52.9
2023-10-06 01:30:00,22,51.8,24.1,4,5.4,55.1,10,21.2,44.5,0,0.0,60.0,14,31.9,37.4,7,12.5,50.3
2023-10-06 01:35:00,14,30.4,38.4,15,34.2,35.9,0,0.0,60.0,7,13.0,50.0,15,34.6,35.6,20,47.3,27.1
2023-10-06 01:40:00,17,39.4,32.4,0,0.0,60.0,10,21.9,44.1,7,13.8,49.5,10,21.5,44.3,22,52.4,23.7
2023-10-06 01:45:00,7,14.1,49.2,10,21.7,44.2,8,16.8,47.4,7,13.4,49.7,17,39.2,32.5,18,40.1,31.9
2023-10-06 01:50:00,6,12.2,50.5,18,42.1,30.6,16,36.8,34.2,17,39.6,32.3,11,23.8,42.8,19,44.8,28.8
2023-10-06 01:55:00,14,31.9,37.4,12,25.3,41.8,14,30.3,38.5,4,6.8,54.1,8,17.4,47.0,19,43.3,29.8
2023-10-06 02:00:00,17,39.8,32.1,9,17.5,47.0,8,16.0,48.0,13,29.5,39.0,13,28.0,40.0,15,33.4,36.4
2023-10-06 02:05:00,12,25.6,41.6,17,38.3,33.1,15,33.9,36.1,12,27.4,40.4,3,4.6,55.6,13,29.9,38.7
2023-10-06 02:10:00,4,5.7,54.9,17,39.6,32.2,16,35.9,34.8,17,39.4,32.4,13,28.5,39.7,15,33.1,36.6
2023-10-06 02:15:00,3,4.6,55.6,19,44.7,28.9,7,13.5,49.7,11,23.0,43.3,2,1.9,57.4,16,36.0,34.6
2023-10-06 02:20:00,3,3.6,56.3,17,38.1,33.3,9,17.6,46.9,16,36.9,34.1,5,9.6,52.3,7,13.9,49.4
2023-10-06 02:25:00,1,0.0,59.7,18,41.2,31.2,0,0.0,60.0,10,22.4,43.7,0,0.0,60.0,16,36.0,34.7
2023-10-06 02:30:00,12,26.7,40.9,16,36.0,34.7,5,8.7,52.9,14,31.5,37.7,10,22.4,43.7,20,46.9,27.4
2023-10-06 02:35:00,18,41.9,30.7,13,29.0,39.3,7,13.9,49.4,2,2.5,57.0,21,49.2,25.9,10,21.9,44.1
2023-10-06 02:40:00,11,24.8,42.1,12,26.4,41.1,12,26.1,41.2,0,0.0,60.0,11,23.3,43.2,10,20.3,45.1
2023-10-06 02:45:00,0,0.0,60.0,10,21.5,44.4,6,10.8,51.4,14,30.7,38.2,15,34.7,35.6,14,32.2,37.2
2023-10-06 02:50:00,10,22.2,43.9,4,6.8,54.1,8,17.3,47.1,14,31.5,37.7,26,60.3,18.5,8,15.3,48.5
2023-10-06 02:55:00,11,22.6,43.6,6,10.7,51.5,4,6.7,54.2,14,32.2,37.2,14,31.1,37.9,4,5.3,55.2
2023-10-06 03:00:00,24,56.5,21.0,10,20.8,44.8,13,27.6,40.3,8,17.2,47.2,7,13.6,49.6,18,42.3,30.5
2023-10-06 03:05:00,3,3.2,56.5,13,28.7,39.6,14,31.4,37.7,20,47.4,27.1,8,15.6,48.3,9,18.3,46.5
2023-10-06 03:10:00,9,19.2,45.9,20,46.7,27.6,14,31.1,37.9,9,18.2,46.6,12,25.1,42.0,12,25.3,41.8
2023-10-06 03:15:00,22,50.7,24.9,11,24.4,42.4,12,25.3,41.8,14,31.4,37.8,8,15.6,48.3,8,15.9,48.1
2023-10-06 03:20:00,14,31.8,37.5,18,40.1,31.9,2,2.0,57.4,15,34.0,36.0,8,16.7,47.5,19,44.2,29.2
2023-10-06 03:25:00,15,33.5,36.3,18,41.3,31.2,8,15.8,48.2,22,50.9,24.8,17,39.9,32.1,17,37.9,33.4
2023-10-06 03:30:00,12,26.8,40.8,10,21.6,44.3,9,19.0,46.0,10,20.4,45.1,18,40.5,31.7,10,21.5,44.4
2023-10-06 03:35:00,14,30.1,38.6,15,34.1,36.0,9,19.1,46.0,8,15.3,48.5,2,0.4,58.4,4,7.4,53.7
2023-10-06 03:40:00,16,36.8,34.1,10,21.5,44.4,12,26.3,41.2,3,2.7,56.9,7,12.9,50.1,9,20.0,45.4
2023-10-06 03:45:00,7,13.0,50.0,19,45.0,28.7,20,46.6,27.7,21,48.5,26.4,9,18.2,46.5,15,33.7,36.2
2023-10-06 03:50:00,17,38.4,33.1,15,34.7,35.5,16,37.4,33.8,14,31.5,37.7,15,34.2,35.9,13,28.0,40.0
2023-10-06 03:55:00,3,4.7,55.6,4,7.4,53.8,6,10.4,51.8,14,32.0,37.3,18,42.4,30.4,12,26.9,40.8
2023-10-06 04:00:00,14,30.2,38.6,13,27.7,40.2,16,35.5,35.1,30,72.0,10.7,28,65.8,14.8,13,28.5,39.7
2023-10-06 04:05:00,13,28.0,40.0,21,50.1,25.4,15,34.9,35.4,14,30.2,38.6,9,18.3,46.5,16,36.7,34.2
2023-10-06 04:10:00,8,16.1,48.0,10,22.7,43.6,7,13.3,49.9,4,5.8,54.8,9,19.1,46.0,11,24.8,42.2
2023-10-06 04:15:00,11,25.1,42.0,14,32.2,37.3,17,38.2,33.3,10,22.5,43.7,15,34.3,35.9,14,32.2,37.3
2023-10-06 04:20:00,8,16.2,48.0,15,33.7,36.3,11,23.1,43.4,6,10.9,51.5,8,15.3,48.6,6,10.7,51.6
2023-10-06 04:25:00,5,9.5,52.4,5,10.0,52.1,3,4.4,55.8,9,19.6,45.7,11,23.5,43.1,27,63.9,16.2
2023-10-06 04:30:00,10,20.4,45.2,15,33.3,36.6,14,32.5,37.1,9,19.6,45.7,9,19.4,45.8,10,21.4,44.5
2023-10-06 04:35:00,5,9.2,52.7,3,4.8,55.6,13,29.0,39.5,8,16.9,47.5,0,0.0,60.0,13,28.8,39.6
2023-10-06 04:40:00,14,30.7,38.3,8,16.5,47.8,10,22.4,43.9,3,4.9,55.5,12,27.7,40.3,15,34.3,35.9
2023-10-06 04:45:00,5,8.7,53.0,18,42.1,30.8,11,25.4,41.9,21,49.8,25.6,11,23.2,43.3,9,19.8,45.6
2023-10-06 04:50:00,16,36.8,34.3,14,31.4,37.9,7,15.3,48.7,14,30.6,38.5,19,45.1,28.7,12,26.2,41.4
2023-10-06 04:55:00,5,8.5,53.2,10,21.6,44.4,15,35.4,35.3,10,22.8,43.7,12,26.3,41.3,12,26.1,41.4
2023-10-06 05:00:00,9,20.9,45.5,15,36.1,35.4,12,28.7,40.3,17,40.7,32.2,5,10.5,52.4,7,15.6,49.0
2023-10-06 05:05:00,9,20.1,46.0,12,28.6,40.3,13,32.0,38.1,15,36.6,35.0,11,25.6,42.3,15,36.1,35.4
2023-10-06 05:10:00,20,49.6,26.4,13,29.9,39.5,15,35.0,36.1,14,33.8,36.9,0,0.0,60.0,3,4.9,56.2
2023-10-06 05:15:00,14,34.8,36.3,16,39.7,33.0,6,12.5,51.1,17,40.1,32.7,5,11.7,51.7,23,56.2,22.0
2023-10-06 05:20:00,11,26.9,41.6,8,19.1,46.7,7,16.6,48.4,13,32.1,38.1,16,39.6,33.1,17,42.0,31.5
2023-10-06 05:25:00,16,37.8,34.4,13,30.9,39.0,0,0.0,60.0,17,40.3,32.7,11,26.6,41.8,16,39.9,33.0
2023-10-06 05:30:00,0,0.0,60.0,11,25.8,42.4,16,39.0,33.6,17,41.8,31.7,18,44.3,30.0,2,4.4,56.6
2023-10-06 05:35:00,12,30.1,39.6,3,6.9,55.0,5,12.5,51.3,14,33.2,37.5,1,1.2,58.8,8,18.8,47.1
2023-10-06 05:40:00,25,60.9,19.0,7,17.2,48.2,13,33.0,37.7,11,27.7,41.2,11,27.3,41.4,21,51.8,25.1
2023-10-06 05:45:00,14,33.2,37.6,22,54.8,23.2,15,36.8,35.2,22,54.2,23.6,10,24.1,43.6,38,93.5,5.0
2023-10-06 05:50:00,13,32.5,38.1,15,37.3,34.9,16,40.6,32.7,10,24.4,43.5,19,45.9,29.2,20,49.4,26.8
2023-10-06 05:55:00,16,40.0,33.1,5,12.0,51.8,6,13.8,50.6,15,37.7,34.7,17,41.9,31.9,19,47.4,28.2
2023-10-06 06:00:00,18,45.5,29.5,4,9.0,53.8,13,31.1,39.1,15,38.3,34.3,17,41.7,32.0,16,40.0,33.2
2023-10-06 06:05:00,1,2.5,58.3,12,30.7,39.4,23,57.5,21.6,9,23.3,44.4,22,55.5,22.9,8,19.7,46.8
2023-10-06 06:10:00,3,7.5,55.0,22,56.2,22.5,23,58.5,21.0,8,20.6,46.2,11,27.2,41.8,19,47.7,28.2
2023-10-06 06:15:00,14,36.2,35.9,12,30.3,39.8,19,47.9,28.1,11,27.8,41.5,21,53.1,24.6,7,16.5,49.0
2023-10-06 06:20:00,9,22.7,45.0,21,53.0,24.7,15,38.5,34.4,10,26.0,42.7,7,17.7,48.2,6,15.2,49.9
2023-10-06 06:25:00,21,53.4,24.5,15,39.0,34.1,7,18.7,47.7,4,11.9,52.2,7,17.5,48.4,6,14.6,50.4
2023-10-06 06:30:00,11,29.3,40.6,16,41.1,32.8,18,44.8,30.3,9,24.3,44.0,18,45.4,29.9,19,48.7,27.7
2023-10-06 06:35:00,2,5.4,56.6,5,14.4,50.7,12,32.0,38.9,15,38.4,34.6,4,11.8,52.3,13,33.5,37.9
2023-10-06 06:40:00,6,15.7,49.8,19,48.8,27.8,17,43.1,31.5,21,53.7,24.5,17,43.3,31.4,14,36.2,36.1
2023-10-06 06:45:00,0,0.0,60.0,12,30.0,40.3,10,25.6,43.3,17,43.4,31.4,14,36.6,36.0,13,34.8,37.1
2023-10-06 06:50:00,12,31.9,39.1,19,48.3,28.2,13,32.8,38.5,0,0.0,60.0,20,51.5,26.1,7,18.5,48.1
2023-10-06 06:55:00,13,32.9,38.5,9,23.5,44.8,15,38.2,35.0,17,45.3,30.2,13,34.8,37.2,10,25.6,43.4
2023-10-06 07:00:00,11,29.6,40.7,15,38.7,34.7,15,39.7,34.0,10,27.6,42.1,14,36.8,35.9,10,26.7,42.7
2023-10-06 07:05:00,20,52.5,25.6,16,41.6,32.8,17,43.7,31.4,16,43.1,31.8,17,43.9,31.3,5,15.2,50.4
2023-10-06 07:10:00,21,54.5,24.2,13,34.3,37.8,10,27.9,42.0,14,36.4,36.4,10,26.6,42.8,11,29.0,41.3
2023-10-06 07:15:00,13,34.3,37.8,16,42.9,32.0,6,16.7,49.5,13,33.9,38.0,10,26.2,43.1,7,20.6,46.9
2023-10-06 07:20:00,1,5.0,57.3,12,33.1,38.6,24,61.4,19.7,13,35.5,37.0,17,44.2,31.2,17,45.7,30.2
2023-10-06 07:25:00,18,46.5,29.7,10,27.5,42.4,29,74.6,11.0,14,36.9,36.1,14,36.8,36.2,18,47.2,29.3
2023-10-06 07:30:00,17,45.8,30.2,24,61.5,19.7,17,44.2,31.3,22,57.6,22.3,12,31.3,39.8,6,18.1,48.7
2023-10-06 07:35:00,16,42.3,32.6,20,53.4,25.2,6,17.8,48.9,14,37.3,35.9,14,36.4,36.5,12,33.2,38.7
2023-10-06 07:40:00,20,52.5,25.8,9,26.3,43.2,9,26.2,43.4,21,54.0,24.8,24,61.7,19.7,25,65.6,17.1
2023-10-06 07:45:00,7,20.4,47.2,17,46.4,29.9,17,45.5,30.5,20,52.0,26.2,11,31.2,40.0,8,23.2,45.4
2023-10-06 07:50:00,26,68.1,15.4,10,26.8,43.0,22,58.1,22.1,18,47.9,28.9,11,30.9,40.3,17,44.3,31.3
2023-10-06 07:55:00,8,23.6,45.1,7,20.2,47.4,7,19.8,47.6,3,11.2,53.4,4,12.4,52.6,15,39.6,34.5
2023-10-06 08:00:00,19,49.2,28.0,20,53.5,25.2,13,36.1,36.7,21,54.7,24.3,14,37.4,35.9,21,54.4,24.6
2023-10-06 08:05:00,4,12.7,52.4,4,12.4,52.5,15,40.9,33.5,11,31.1,40.1,18,47.8,28.9,16,42.4,32.6
2023-10-06 08:10:00,9,24.0,44.8,20,51.8,26.3,19,50.9,26.9,18,48.7,28.4,19,50.5,27.2,11,31.5,39.8
2023-10-06 08:15:00,23,60.6,20.4,13,34.1,38.1,12,32.7,39.0,8,23.3,45.3,15,39.5,34.5,14,38.9,34.9
2023-10-06 08:20:00,12,33.8,38.2,13,34.6,37.7,5,14.3,51.3,7,20.0,47.5,20,52.1,26.1,15,39.0,34.8
2023-10-06 08:25:00,19,50.2,27.3,16,43.8,31.6,18,46.9,29.5,26,67.3,15.9,18,48.6,28.4,13,36.2,36.6
2023-10-06 08:30:00,15,41.0,33.4,17,46.2,30.0,21,54.3,24.5,8,23.1,45.3,21,54.2,24.6,6,17.7,49.0
2023-10-06 08:35:00,13,35.7,36.9,9,24.9,44.1,13,36.0,36.7,21,54.5,24.4,20,52.0,26.0,21,55.9,23.4
2023-10-06 08:40:00,22,57.5,22.3,18,47.8,28.8,16,43.1,31.9,15,38.8,34.8,23,60.6,20.3,20,53.1,25.3
2023-10-06 08:45:00,12,33.3,38.5,15,38.5,35.0,11,29.7,40.8,11,30.5,40.3,13,34.3,37.8,8,21.2,46.5
2023-10-06 08:50:00,3,9.9,54.0,6,17.7,48.8,9,23.9,44.7,14,35.9,36.7,6,16.7,49.5,12,32.1,39.2
2023-10-06 08:55:00,9,24.2,44.4,13,33.7,38.0,20,51.7,26.1,6,16.8,49.4,18,46.3,29.7,12,32.9,38.6
2023-10-06 09:00:00,17,44.3,31.0,22,56.7,22.7,16,41.8,32.6,14,35.8,36.6,18,47.7,28.7,7,18.7,48.1
2023-10-06 09:05:00,16,41.6,32.7,24,60.9,19.9,17,43.1,31.7,7,19.5,47.5,23,59.3,20.9,2,7.7,55.3
2023-10-06 09:10:00,4,11.9,52.5,18,46.2,29.6,23,57.9,21.8,11,29.5,40.8,21,54.6,24.0,10,25.3,43.5
2023-10-06 09:15:00,9,24.2,44.2,6,17.2,48.9,7,19.2,47.5,19,48.9,27.7,25,64.3,17.5,11,29.7,40.5
2023-10-06 09:20:00,10,26.0,42.9,16,42.1,32.2,10,26.5,42.7,15,38.6,34.6,17,44.0,30.9,5,13.1,51.5
2023-10-06 09:25:00,11,28.9,41.0,18,47.2,28.8,14,36.8,35.7,4,12.2,52.1,15,37.8,35.0,14,37.1,35.5
2023-10-06 09:30:00,5,13.4,51.2,18,45.0,30.2,10,25.6,43.1,18,46.8,29.0,5,13.3,51.3,20,51.5,25.8
2023-10-06 09:35:00,9,24.3,43.9,18,45.5,29.8,18,45.5,29.8,13,33.6,37.7,15,38.4,34.6,18,46.4,29.2
2023-10-06 09:40:00,9,22.5,45.1,15,38.8,34.2,12,30.6,39.7,10,25.3,43.2,10,25.1,43.3,12,31.5,39.1
2023-10-06 09:45:00,18,44.6,30.2,13,32.0,38.7,7,18.2,47.9,18,44.3,30.5,14,36.2,35.8,2,5.5,56.4
2023-10-06 09:50:00,18,44.9,30.0,9,23.6,44.2,13,33.7,37.5,12,30.2,39.8,13,33.6,37.6,17,43.5,31.0
2023-10-06 09:55:00,12,30.2,39.7,2,4.0,57.3,14,35.0,36.6,6,14.9,49.9,16,39.5,33.6,14,34.6,36.8
2023-10-06 10:00:00,11,26.2,42.4,15,37.2,35.0,19,46.1,29.1,24,59.8,20.0,12,30.7,39.4,15,38.5,34.2
2023-10-06 10:05:00,14,33.9,37.2,14,34.6,36.7,15,37.7,34.7,13,31.6,38.8,18,45.8,29.2,24,60.9,19.2
2023-10-06 10:10:00,8,19.3,46.9,16,39.9,33.2,16,38.5,34.1,12,30.3,39.5,0,0.0,60.0,8,19.2,47.0
2023-10-06 10:15:00,6,14.1,50.3,5,11.2,52.2,15,36.1,35.7,10,25.2,42.9,14,34.1,37.0,0,0.0,60.0
2023-10-06 10:20:00,7,16.9,48.4,17,40.7,32.5,12,28.2,40.9,20,48.7,27.2,20,49.0,27.0,6,15.2,49.5
2023-10-06 10:25:00,9,21.2,45.5,25,61.6,18.6,8,20.0,46.3,10,22.9,44.4,24,58.8,20.4,16,38.0,34.3
2023-10-06 10:30:00,6,13.1,50.9,13,31.7,38.5,14,34.9,36.4,3,7.3,54.7,17,41.5,31.9,13,30.9,39.0
2023-10-06 10:35:00,14,32.7,37.7,12,29.4,40.0,11,25.3,42.7,8,20.1,46.1,23,55.6,22.5,5,12.1,51.5
2023-10-06 10:40:00,17,41.0,32.2,14,34.7,36.4,23,55.4,22.6,20,50.0,26.2,14,32.6,37.8,4,8.8,53.7
2023-10-06 10:45:00,3,6.1,55.4,25,60.4,19.2,21,50.0,26.1,17,42.4,31.2,12,29.9,39.5,10,24.6,43.1
2023-10-06 10:50:00,13,30.1,39.4,6,14.4,49.9,16,39.2,33.3,11,25.9,42.2,16,37.7,34.3,5,11.0,52.1
2023-10-06 10:55:00,11,26.3,41.9,14,32.6,37.7,15,35.2,35.9,21,50.2,26.0,12,29.5,39.8,16,37.4,34.5
2023-10-06 11:00:00,14,34.5,36.4,8,17.4,47.8,12,28.1,40.7,17,40.6,32.3,8,17.7,47.6,10,23.2,43.9
2023-10-06 11:05:00,12,29.1,40.0,9,21.1,45.3,5,10.4,52.5,11,25.3,42.5,9,21.6,45.0,9,19.9,46.1
2023-10-06 11:10:00,4,7.4,54.5,12,28.4,40.4,11,25.9,42.1,11,26.7,41.6,6,12.5,51.0,8,17.8,47.5
2023-10-06 11:15:00,5,10.1,52.6,20,49.3,26.5,13,30.6,39.0,14,34.0,36.7,15,37.0,34.7,14,33.0,37.3
2023-10-06 11:20:00,12,29.4,39.7,23,56.0,22.0,14,32.4,37.7,7,16.5,48.3,12,29.1,39.9,13,29.6,39.6
2023-10-06 11:25:00,18,44.3,29.8,15,35.6,35.6,15,35.9,35.4,12,28.9,40.0,10,23.5,43.7,13,31.9,38.0
2023-10-06 11:30:00,0,0.0,60.0,10,23.1,43.9,18,42.6,30.9,14,33.4,37.0,9,20.3,45.8,13,31.5,38.3
2023-10-06 11:35:00,14,33.9,36.7,27,66.1,15.2,8,18.3,47.1,2,3.4,57.0,15,36.3,35.1,12,27.6,40.9
2023-10-06 11:40:00,19,46.5,28.3,10,22.3,44.4,8,18.4,47.0,11,25.8,42.1,17,40.4,32.4,6,13.2,50.5
2023-10-06 11:45:00,11,26.3,41.7,9,20.1,45.9,21,50.4,25.7,10,24.1,43.2,5,11.7,51.5,8,17.7,47.5
2023-10-06 11:50:00,16,36.9,34.7,2,2.0,58.0,17,40.2,32.5,18,44.0,29.9,4,9.3,53.1,10,22.7,44.1
2023-10-06 11:55:00,8,18.0,47.2,21,49.5,26.3,10,22.7,44.1,1,0.9,58.7,18,42.9,30.7,25,59.6,19.6
2023-10-06 12:00:00,11,26.8,41.4,18,43.1,30.5,12,27.0,41.3,10,22.8,44.0,4,7.9,54.0,4,8.3,53.7
2023-10-06 12:05:00,2,4.2,56.4,27,64.8,16.0,12,27.0,41.3,9,21.3,45.0,15,36.8,34.7,10,22.3,44.4
2023-10-06 12:10:00,0,0.0,60.0,4,7.7,54.1,12,29.0,39.9,18,43.0,30.6,22,52.8,24.1,13,30.0,39.2
2023-10-06 12:15:00,18,42.7,30.8,21,50.4,25.6,15,35.7,35.5,12,27.9,40.7,22,52.9,24.0,10,24.0,43.3
2023-10-06 12:20:00,6,13.8,50.1,13,29.6,39.5,27,66.6,14.9,23,55.5,22.2,17,39.6,32.8,19,44.7,29.5
2023-10-06 12:25:00,9,21.8,44.8,17,40.7,32.1,13,31.5,38.3,16,38.5,33.6,16,39.2,33.1,10,24.0,43.3
2023-10-06 12:30:00,4,7.8,54.0,2,3.9,56.7,16,38.6,33.6,10,22.5,44.3,26,62.4,17.7,11,25.1,42.5
2023-10-06 12:35:00,4,7.5,54.3,21,50.7,25.5,2,3.4,57.0,14,32.3,37.8,0,0.0,60.0,17,40.9,32.0
2023-10-06 12:40:00,11,26.1,41.9,17,40.5,32.3,9,21.5,45.0,10,23.4,43.7,9,21.8,44.8,23,55.9,22.0
2023-10-06 12:45:00,8,17.8,47.4,12,28.2,40.5,20,47.2,27.8,17,41.7,31.5,17,41.5,31.6,21,49.9,26.0
2023-10-06 12:50:00,15,34.5,36.3,16,38.5,33.6,15,34.9,36.1,4,8.9,53.4,10,23.8,43.5,11,26.8,41.4
2023-10-06 12:55:00,15,35.7,35.5,8,17.4,47.7,0,0.0,60.0,7,16.6,48.3,20,47.5,27.6,12,28.2,40.5
2023-10-06 13:00:00,14,33.8,36.8,9,20.3,45.8,16,39.1,33.3,15,35.8,35.4,12,28.4,40.4,13,29.7,39.5
2023-10-06 13:05:00,14,32.7,37.6,10,22.1,44.6,24,57.9,20.8,20,47.5,27.7,13,31.1,38.6,13,31.3,38.5
2023-10-06 13:10:00,22,52.8,24.1,1,1.4,58.4,0,0.0,59.9,0,0.0,60.0,11,25.1,42.7,7,16.5,48.4
2023-10-06 13:15:00,6,13.3,50.5,18,42.2,31.2,21,52.1,24.7,21,49.9,26.1,9,21.4,45.1,18,43.3,30.5
2023-10-06 13:20:00,12,28.6,40.4,20,47.3,27.9,0,0.0,60.0,12,27.3,41.2,9,21.2,45.3,14,32.5,37.7
2023-10-06 13:25:00,19,46.5,28.4,8,19.0,46.8,18,43.6,30.4,1,1.2,58.6,14,33.6,37.0,12,28.8,40.2
2023-10-06 13:30:00,20,48.6,27.0,15,34.9,36.2,12,29.5,39.8,0,0.0,60.0,8,18.0,47.4,5,10.6,52.4
2023-10-06 13:35:00,4,8.4,53.8,11,25.8,42.3,0,0.0,60.0,3,6.8,54.9,18,44.1,30.1,13,30.7,39.0
2023-10-06 13:40:00,11,25.2,42.7,14,34.8,36.3,15,36.6,35.1,12,29.6,39.7,16,39.7,33.0,1,1.5,58.5
2023-10-06 13:45:00,21,50.4,25.9,9,20.7,45.7,19,47.3,28.0,12,29.1,40.1,19,46.6,28.5,9,21.4,45.3
2023-10-06 13:50:00,16,37.9,34.3,7,17.0,48.2,15,35.7,35.7,16,39.7,33.0,6,13.3,50.7,9,21.8,45.0
2023-10-06 13:55:00,14,33.3,37.3,19,46.2,28.8,16,39.2,33.4,9,22.2,44.8,2,4.9,56.3,14,34.7,36.4
2023-10-06 14:00:00,11,27.3,41.4,12,29.6,39.8,10,24.4,43.3,6,14.0,50.3,13,30.5,39.2,24,58.8,20.4
2023-10-06 14:05:00,10,25.0,42.9,25,61.1,18.9,1,2.9,57.7,10,24.6,43.2,30,74.3,10.1,16,39.4,33.4
2023-10-06 14:10:00,14,35.3,36.1,13,31.7,38.5,17,41.4,32.1,13,31.5,38.7,20,50.0,26.3,21,52.7,24.5
2023-10-06 14:15:00,11,27.4,41.4,7,17.3,48.2,23,57.5,21.4,14,34.7,36.6,9,22.9,44.4,17,40.9,32.4
2023-10-06 14:20:00,13,30.8,39.2,20,49.8,26.5,20,48.4,27.5,8,19.6,46.7,15,37.8,34.5,20,48.3,27.5
2023-10-06 14:25:00,13,32.8,37.9,17,41.1,32.4,1,1.8,58.5,18,45.2,29.7,17,42.6,31.4,24,59.5,20.1
2023-10-06 14:30:00,9,21.7,45.3,17,42.8,31.3,4,9.2,53.7,9,22.6,44.8,5,11.4,52.2,8,20.9,45.9
2023-10-06 14:35:00,16,40.1,33.1,20,50.0,26.5,8,19.5,46.9,8,19.1,47.1,21,52.7,24.7,8,20.2,46.4
2023-10-06 14:40:00,30,76.1,9.2,9,22.6,44.8,3,8.5,54.2,10,24.3,43.7,12,29.9,40.0,17,42.4,31.6
2023-10-06 14:45:00,2,6.0,55.9,12,30.8,39.4,13,33.3,37.7,19,48.8,27.4,12,31.3,39.1,13,32.6,38.2
2023-10-06 14:50:00,15,37.8,34.8,12,30.4,39.7,15,38.8,34.1,12,30.9,39.4,13,33.3,37.8,14,36.2,35.8
2023-10-06 14:55:00,9,21.8,45.5,5,13.8,50.8,5,11.8,52.2,9,22.8,44.8,20,50.4,26.4,12,29.5,40.4
2023-10-06 15:00:00,17,42.2,32.0,12,29.5,40.4,18,45.2,30.0,19,47.4,28.5,9,22.2,45.3,10,24.6,43.7
2023-10-06 15:05:00,14,34.5,37.1,21,53.8,24.2,17,42.8,31.6,26,65.9,16.2,3,8.2,54.7,23,58.1,21.4
2023-10-06 15:10:00,18,45.5,29.8,15,37.6,35.1,10,25.9,42.9,15,37.2,35.4,15,38.9,34.2,7,17.6,48.5
2023-10-06 15:15:00,20,52.0,25.6,5,14.2,50.8,12,31.8,39.0,21,52.9,25.0,1,3.7,57.7,17,44.7,30.4
2023-10-06 15:20:00,15,37.6,35.2,4,11.3,52.7,2,5.4,56.7,20,50.2,26.8,12,30.2,40.2,17,42.5,31.9
2023-10-06 15:25:00,20,52.0,25.7,23,59.9,20.4,12,30.0,40.3,10,25.9,43.1,21,52.8,25.1,4,11.3,52.8
2023-10-06 15:30:00,0,0.1,60.0,13,33.9,37.8,14,35.4,36.8,14,35.7,36.6,17,44.0,31.1,9,22.8,45.2
2023-10-06 15:35:00,23,59.4,20.8,10,25.9,43.2,15,38.1,35.0,6,16.3,49.5,20,51.2,26.3,10,25.6,43.3
2023-10-06 15:40:00,16,41.5,32.8,12,31.8,39.3,16,41.6,32.8,12,32.8,38.6,17,45.2,30.4,17,44.4,30.9
2023-10-06 15:45:00,20,52.4,25.6,5,14.0,51.2,15,39.8,34.0,10,26.8,42.7,28,72.3,12.3,12,30.7,40.1
2023-10-06 15:50:00,6,18.2,48.5,22,57.8,22.0,12,32.5,38.9,11,30.4,40.3,10,27.7,42.1,13,35.2,37.1
2023-10-06 15:55:00,9,24.3,44.4,11,30.9,40.0,16,41.1,33.3,9,25.5,43.6,16,42.7,32.1,5,14.9,50.7
2023-10-06 16:00:00,15,39.2,34.5,22,57.6,22.3,20,52.1,26.0,12,32.8,38.8,11,30.5,40.4,28,71.9,12.7
2023-10-06 16:05:00,14,37.1,36.0,14,38.1,35.3,13,35.9,36.8,17,45.3,30.5,20,51.7,26.3,14,38.4,35.1
2023-10-06 16:10:00,16,41.9,32.9,23,59.1,21.4,16,42.4,32.5,13,35.8,36.9,14,36.7,36.3,17,45.1,30.7
2023-10-06 16:15:00,21,54.1,24.7,16,41.7,33.0,13,35.1,37.4,3,9.9,54.2,24,63.7,18.4,11,29.8,41.0
2023-10-06 16:20:00,4,11.6,53.1,19,50.9,26.9,10,28.4,41.9,10,26.9,42.9,11,30.2,40.7,10,28.3,42.0
2023-10-06 16:25:00,20,53.0,25.6,18,49.1,28.1,17,46.2,30.1,5,15.6,50.5,23,59.5,21.2,26,67.1,16.2
2023-10-06 16:30:00,14,38.7,35.1,18,47.9,29.0,11,30.3,40.8,16,42.3,32.8,18,47.5,29.3,3,9.8,54.4
2023-10-06 16:35:00,13,35.7,37.1,16,44.0,31.6,17,44.6,31.2,17,46.4,30.1,14,38.3,35.4,16,43.0,32.3
2023-10-06 16:40:00,5,16.9,49.7,13,35.5,37.3,14,39.4,34.7,16,42.9,32.4,18,47.1,29.6,7,20.8,47.1
2023-10-06 16:45:00,17,46.7,29.9,26,67.9,15.8,13,34.6,37.9,10,27.4,42.8,16,43.1,32.3,12,33.1,39.0
2023-10-06 16:50:00,0,3.1,59.0,9,25.7,43.9,12,34.4,38.1,16,43.1,32.4,17,44.7,31.3,11,29.8,41.2
2023-10-06 16:55:00,18,49.2,28.3,14,39.6,34.7,11,31.9,39.8,12,32.4,39.5,13,36.4,36.8,8,24.7,44.6
2023-10-06 17:00:00,5,17.2,49.6,15,39.9,34.5,5,14.9,51.1,8,22.6,46.1,10,29.1,41.7,15,40.2,34.3
2023-10-06 17:05:00,15,40.5,34.1,17,45.8,30.6,17,45.5,30.8,19,50.9,27.2,12,34.7,38.0,0,1.2,60.0
2023-10-06 17:10:00,14,38.0,35.8,12,33.4,38.9,16,43.3,32.3,19,52.1,26.4,4,14.6,51.4,13,35.1,37.7
2023-10-06 17:15:00,21,57.4,22.9,16,44.6,31.4,20,52.7,26.0,20,54.1,25.1,20,52.5,26.1,14,38.6,35.4
2023-10-06 17:20:00,13,37.3,36.3,13,37.4,36.2,11,32.0,39.8,11,30.8,40.6,7,21.4,46.9,6,19.6,48.1
2023-10-06 17:25:00,10,29.6,41.4,5,16.3,50.3,26,68.4,15.6,22,57.7,22.7,13,36.7,36.7,24,62.7,19.4
2023-10-06 17:30:00,11,32.4,39.6,15,40.1,34.4,12,34.3,38.3,12,32.6,39.4,18,49.7,28.0,11,31.1,40.4
2023-10-06 17:35:00,22,59.1,21.8,8,23.5,45.5,9,26.9,43.3,18,49.8,28.0,20,52.6,26.1,13,36.4,36.9
2023-10-06 17:40:00,18,48.0,29.2,4,13.9,51.9,9,25.1,44.5,11,32.3,39.6,4,13.3,52.3,11,31.1,40.4
2023-10-06 17:45:00,12,34.1,38.4,15,42.0,33.2,4,13.9,51.9,13,36.5,36.8,14,38.5,35.5,14,38.7,35.4
2023-10-06 17:50:00,13,36.3,36.9,17,47.2,29.7,24,62.8,19.3,0,3.5,58.8,17,46.7,30.0,22,59.5,21.5
2023-10-06 17:55:00,5,16.2,50.3,18,47.6,29.4,23,60.3,20.9,13,35.2,37.6,15,40.5,34.1,29,76.8,9.9
2023-10-06 18:00:00,17,45.5,30.8,18,48.1,29.0,18,48.6,28.7,15,41.0,33.8,22,59.8,21.2,19,50.8,27.2
2023-10-06 18:05:00,4,13.1,52.3,3,10.5,54.1,9,26.1,43.7,12,33.3,38.9,9,27.2,43.0,21,55.8,23.9
2023-10-06 18:10:00,19,50.6,27.3,6,18.9,48.4,25,66.5,16.7,25,65.7,17.3,2,8.6,55.3,25,65.1,17.7
2023-10-06 18:15:00,15,41.1,33.6,26,68.8,15.2,12,33.9,38.4,7,21.7,46.5,19,51.3,26.8,16,42.9,32.4
2023-10-06 18:20:00,29,74.8,11.1,8,23.3,45.5,13,35.0,37.7,11,30.5,40.6,11,30.9,40.4,24,62.6,19.3
2023-10-06 18:25:00,8,22.3,46.1,18,48.0,29.0,23,60.4,20.7,9,25.2,44.1,4,12.4,52.7,19,50.7,27.2
2023-10-06 18:30:00,14,37.1,36.2,10,28.3,42.1,18,48.5,28.6,11,30.1,40.8,13,36.2,36.8,15,40.7,33.8
2023-10-06 18:35:00,25,65.3,17.3,15,39.6,34.5,27,71.4,13.3,20,53.8,25.0,22,56.8,23.0,16,43.6,31.8
2023-10-06 18:40:00,21,56.0,23.5,10,28.6,41.8,16,41.9,33.0,23,60.3,20.7,7,19.2,48.1,3,10.8,53.7
2023-10-06 18:45:00,10,27.4,42.5,17,46.3,29.9,12,31.9,39.5,10,27.4,42.6,28,72.9,12.2,16,42.3,32.6
2023-10-06 18:50:00,15,41.0,33.5,15,39.7,34.3,10,28.4,41.8,10,26.8,42.9,9,25.0,44.1,5,14.5,51.1
2023-10-06 18:55:00,14,37.4,35.8,11,30.6,40.3,3,9.6,54.3,7,20.0,47.4,14,38.6,35.0,4,13.0,52.1
2023-10-06 19:00:00,16,41.3,33.2,8,21.3,46.5,12,32.9,38.8,22,56.7,22.9,7,18.8,48.2,15,40.0,34.0
2023-10-06 19:05:00,10,26.3,43.1,15,40.8,33.4,21,53.9,24.7,21,53.6,24.9,14,37.4,35.7,7,20.1,47.3
2023-10-06 19:10:00,13,35.1,37.2,7,18.3,48.4,17,45.5,30.3,13,34.9,37.3,13,34.5,37.6,14,36.4,36.3
2023-10-06 19:15:00,4,12.2,52.4,16,42.6,32.1,14,36.5,36.2,5,15.2,50.4,5,13.8,51.3,15,38.3,35.0
2023-10-06 19:20:00,14,37.9,35.2,29,75.3,10.3,8,21.0,46.5,6,16.3,49.6,31,78.3,8.3,15,38.6,34.7
2023-10-06 19:25:00,16,42.3,32.2,22,55.8,23.2,15,39.0,34.4,15,38.1,35.0,11,28.2,41.7,8,22.0,45.8
2023-10-06 19:30:00,12,31.9,39.1,18,46.1,29.7,20,50.5,26.7,17,43.5,31.4,11,27.9,41.8,19,48.8,27.9
2023-10-06 19:35:00,4,10.7,53.2,13,33.7,37.9,16,41.4,32.7,1,4.0,57.7,19,49.5,27.3,13,33.6,37.9
2023-10-06 19:40:00,19,49.5,27.3,2,5.6,56.6,14,37.2,35.5,12,29.9,40.4,24,61.9,19.0,16,41.3,32.8
2023-10-06 19:45:00,16,39.8,33.7,5,14.5,50.5,9,22.4,45.3,23,58.6,21.1,20,51.3,26.0,6,16.4,49.3
2023-10-06 19:50:00,9,23.2,44.7,21,53.3,24.6,19,47.1,28.8,12,30.8,39.6,6,16.1,49.5,12,31.4,39.2
2023-10-06 19:55:00,12,29.6,40.4,9,21.9,45.5,0,0.0,60.0,22,56.1,22.7,15,37.0,35.5,20,50.2,26.6
2023-10-06 20:00:00,4,11.0,52.8,9,23.0,44.7,15,39.2,33.9,17,43.2,31.3,2,5.3,56.6,19,48.0,28.1
2023-10-06 20:05:00,7,17.8,48.1,12,30.7,39.6,29,71.8,12.2,7,16.9,48.7,19,46.7,28.9,8,21.3,45.9
2023-10-06 20:10:00,10,24.9,43.4,7,17.0,48.7,4,10.3,53.1,11,28.5,41.0,3,8.4,54.4,10,24.7,43.5
2023-10-06 20:15:00,20,51.1,25.9,6,14.3,50.4,12,29.0,40.6,12,30.7,39.5,8,20.6,46.2,7,17.8,48.1
2023-10-06 20:20:00,9,22.8,44.7,13,31.6,38.8,13,32.3,38.4,7,18.1,47.8,13,32.4,38.3,9,22.6,44.9
2023-10-06 20:25:00,17,41.7,32.0,8,18.8,47.3,10,25.2,43.1,7,17.6,48.1,16,38.8,34.0,5,11.2,52.4
2023-10-06 20:30:00,10,23.8,43.9,8,20.8,46.0,19,47.4,28.2,22,54.5,23.5,11,28.0,41.2,12,29.8,39.9
2023-10-06 20:35:00,14,35.4,36.2,8,19.9,46.5,16,38.7,33.9,7,17.0,48.4,22,54.4,23.5,17,41.2,32.3
2023-10-06 20:40:00,12,29.3,40.2,16,39.3,33.6,14,33.7,37.3,19,47.6,28.0,17,42.3,31.6,8,19.7,46.6
2023-10-06 20:45:00,18,44.3,30.2,11,27.7,41.2,18,43.2,30.9,10,24.7,43.3,17,40.9,32.5,12,29.8,39.8
2023-10-06 20:50:00,9,23.0,44.4,12,28.3,40.8,13,31.2,38.8,13,30.6,39.3,5,12.6,51.3,11,27.7,41.2
2023-10-06 20:55:00,3,7.2,54.8,16,39.7,33.1,32,78.5,7.3,16,39.2,33.5,23,56.3,22.1,19,46.6,28.6
2023-10-06 21:00:00,4,9.9,53.0,12,28.5,40.6,14,32.9,37.7,9,21.6,45.2,8,18.5,47.2,9,21.4,45.3
2023-10-06 21:05:00,9,22.4,44.6,11,26.2,42.1,14,33.3,37.3,16,38.9,33.6,23,56.5,21.9,9,21.8,45.0
2023-10-06 21:10:00,5,11.5,51.9,15,37.3,34.7,2,4.6,56.5,0,0.0,59.8,25,60.6,19.2,7,17.5,47.8
2023-10-06 21:15:00,15,36.2,35.4,17,40.1,32.8,9,21.9,44.9,15,36.7,35.1,16,37.8,34.3,6,13.0,50.8
2023-10-06 21:20:00,10,22.9,44.2,12,27.7,41.0,19,47.1,28.1,0,0.0,60.0,19,45.4,29.2,16,37.8,34.3
2023-10-06 21:25:00,27,65.4,15.9,13,31.0,38.8,4,9.7,53.0,11,26.4,41.9,0,0.0,60.0,12,27.7,41.0
2023-10-06 21:30:00,2,3.6,57.1,8,17.9,47.5,0,0.0,60.0,18,42.4,31.1,11,26.7,41.6,13,30.4,39.1
2023-10-06 21:35:00,14,32.5,37.7,7,16.6,48.4,13,30.0,39.4,16,38.8,33.5,19,46.0,28.7,20,48.6,27.0
2023-10-06 21:40:00,6,12.5,51.1,17,40.9,32.1,21,49.9,26.1,5,9.9,52.8,18,43.2,30.6,20,49.4,26.5
2023-10-06 21:45:00,9,21.9,44.8,15,35.9,35.4,13,29.9,39.4,5,11.7,51.6,5,11.0,52.1,2,4.6,56.3
2023-10-06 21:50:00,13,31.3,38.5,15,36.0,35.4,10,24.1,43.3,8,18.8,46.8,11,24.7,42.9,16,38.9,33.4
2023-10-06 21:55:00,0,0.0,60.0,14,33.3,37.2,1,1.2,58.6,13,31.8,38.1,0,0.0,60.0,14,32.4,37.7
2023-10-06 22:00:00,14,32.5,37.7,13,29.6,39.6,15,35.7,35.5,0,0.0,60.0,15,35.1,35.9,10,22.0,44.6
2023-10-06 22:05:00,23,54.4,22.5,16,36.3,34.6,16,35.8,35.0,12,25.7,41.7,0,0.0,60.0,14,30.8,38.3
2023-10-06 22:10:00,9,19.0,46.1,17,39.8,32.3,1,0.0,59.4,14,30.5,38.5,18,42.7,30.3,1,0.0,58.9
2023-10-06 22:15:00,13,29.6,39.0,17,39.4,32.5,18,42.7,30.3,10,21.5,44.5,19,43.5,29.8,20,47.7,27.0
2023-10-06 22:20:00,18,41.0,31.4,11,24.1,42.7,16,37.1,34.0,15,33.5,36.4,9,18.5,46.4,15,33.4,36.5
2023-10-06 22:25:00,11,23.1,43.3,20,46.4,27.8,18,42.6,30.4,13,28.9,39.5,15,33.4,36.5,6,12.6,50.4
2023-10-06 22:30:00,8,16.8,47.5,13,29.0,39.5,15,34.3,35.9,8,17.4,47.2,10,22.3,43.9,8,16.7,47.6
2023-10-06 22:35:00,0,0.0,60.0,15,35.0,35.4,16,35.3,35.2,0,0.0,60.0,13,29.1,39.3,1,0.0,58.8
2023-10-06 22:40:00,15,35.0,35.4,13,29.7,39.0,15,33.2,36.6,12,27.4,40.5,5,8.2,53.3,10,20.7,44.9
2023-10-06 22:45:00,11,23.7,42.9,13,29.1,39.3,17,38.4,33.1,6,11.1,51.3,15,34.7,35.6,9,18.1,46.6
2023-10-06 22:50:00,5,10.2,52.0,7,14.3,49.2,1,0.0,60.0,8,16.7,47.6,2,0.7,58.2,4,5.5,55.1
2023-10-06 22:55:00,12,27.2,40.6,16,35.8,34.8,3,2.8,56.9,14,32.5,37.1,1,0.0,60.0,16,37.0,34.1
2023-10-06 23:00:00,8,16.5,47.7,29,68.0,13.4,7,14.2,49.2,20,46.5,27.7,11,23.4,43.1,19,44.4,29.1
2023-10-06 23:05:00,8,17.3,47.2,9,19.6,45.6,11,23.3,43.2,11,24.7,42.3,10,22.1,44.0,11,24.8,42.2
2023-10-06 23:10:00,15,34.3,35.8,12,26.3,41.2,14,31.0,38.0,15,33.5,36.4,13,29.3,39.2,10,20.6,44.9
2023-10-06 23:15:00,4,5.1,55.3,9,18.5,46.4,13,30.1,38.7,3,3.5,56.3,8,15.4,48.4,14,31.7,37.6
2023-10-06 23:20:00,18,40.9,31.4,9,17.9,46.8,18,41.9,30.7,13,28.9,39.5,23,53.5,23.1,11,24.9,42.1
2023-10-06 23:25:00,3,4.2,55.9,21,48.3,26.5,18,42.4,30.4,11,24.3,42.5,12,27.6,40.3,5,8.9,52.7
2023-10-06 23:30:00,8,15.2,48.6,7,15.0,48.7,6,12.0,50.7,19,43.6,29.6,13,28.6,39.6,8,15.3,48.5
2023-10-06 23:35:00,23,54.0,22.7,9,18.0,46.7,13,28.7,39.6,8,17.0,47.3,13,28.1,40.0,10,20.7,44.9
2023-10-06 23:40:00,18,42.0,30.7,2,1.3,57.8,6,12.4,50.4,10,21.5,44.4,18,40.1,31.9,13,28.8,39.5
2023-10-06 23:45:00,12,26.6,41.0,7,13.7,49.5,10,22.3,43.8,18,41.0,31.4,15,33.7,36.2,12,25.2,41.9
2023-10-06 23:50:00,6,11.0,51.4,1,0.0,59.0,13,29.9,38.7,11,23.7,42.9,14,31.7,37.5,13,28.2,39.9
2023-10-06 23:55:00,8,17.1,47.3,15,34.5,35.6,0,0.0,60.0,5,8.4,53.1,16,36.1,34.6,2,2.2,57.2
2023-10-07 00:00:00,12,26.1,41.3,28,67.0,14.0,26,61.2,17.9,27,63.3,16.5,1,0.0,60.0,15,35.0,35.3
2023-10-07 00:05:00,12,25.6,41.6,9,19.5,45.7,15,33.5,36.3,5,8.8,52.8,1,0.0,59.9,12,25.1,42.0
2023-10-07 00:10:00,11,23.6,42.9,1,0.0,58.7,8,16.1,48.0,11,24.0,42.6,11,23.9,42.8,27,63.3,16.5
2023-10-07 00:15:00,11,24.5,42.3,17,38.5,33.0,23,53.9,22.7,14,30.2,38.5,10,22.0,44.0,9,19.2,45.9
2023-10-07 00:20:00,10,21.8,44.1,7,14.1,49.3,9,19.8,45.5,13,29.0,39.3,15,33.7,36.2,13,29.9,38.8
2023-10-07 00:25:00,3,3.4,56.4,19,44.5,29.0,12,27.0,40.7,10,22.2,43.9,12,25.3,41.8,28,67.4,13.7
2023-10-07 00:30:00,8,17.3,47.2,10,20.8,44.8,9,17.7,46.9,10,22.2,43.8,15,33.7,36.2,13,27.9,40.1
2023-10-07 00:35:00,17,38.7,32.9,8,15.5,48.3,21,49.8,25.5,10,21.5,44.3,4,6.3,54.5,11,24.0,42.7
2023-10-07 00:40:00,3,4.5,55.7,10,22.3,43.8,11,23.4,43.0,5,8.3,53.2,11,24.8,42.1,6,10.2,51.9
2023-10-07 00:45:00,10,22.2,43.9,16,36.4,34.4,12,27.2,40.5,24,57.3,20.5,3,4.9,55.4,21,47.9,26.7
2023-10-07 00:50:00,7,12.7,50.2,10,21.6,44.3,19,43.1,30.0,10,21.7,44.2,14,30.8,38.1,5,7.6,53.6
2023-10-07 00:55:00,12,26.7,40.9,9,17.5,47.0,15,33.8,36.1,15,34.0,36.0,0,0.0,60.0,14,31.4,37.7
2023-10-07 01:00:00,9,19.2,45.9,10,22.0,44.0,11,24.2,42.5,9,20.0,45.3,14,30.2,38.5,9,17.9,46.7
2023-10-07 01:05:00,20,47.2,27.2,4,5.9,54.7,18,41.7,30.9,9,19.7,45.5,3,3.0,56.7,10,22.2,43.9
2023-10-07 01:10:00,15,32.6,36.9,14,31.0,38.0,27,63.1,16.6,9,18.2,46.6,9,19.2,45.8,3,3.6,56.2
2023-10-07 01:15:00,4,5.3,55.1,1,0.0,59.9,13,29.8,38.8,2,1.8,57.5,17,38.4,33.1,20,45.1,28.6
2023-10-07 01:20:00,16,35.1,35.3,9,18.3,46.4,12,26.8,40.8,11,22.6,43.6,13,28.4,39.7,10,20.8,44.8
2023-10-07 01:25:00,7,13.4,49.7,16,36.4,34.4,13,27.6,40.3,9,18.9,46.1,2,0.3,58.5,4,6.8,54.2
2023-10-07 01:30:00,8,16.3,47.8,13,29.5,39.0,19,44.7,28.9,19,42.6,30.3,7,14.9,48.7,19,43.8,29.5
2023-10-07 01:35:00,13,29.7,38.9,15,33.9,36.1,8,16.0,48.0,4,7.1,54.0,2,2.5,57.0,8,17.4,47.0
2023-10-07 01:40:00,9,17.6,46.9,11,24.0,42.7,10,20.8,44.8,8,16.3,47.8,1,0.0,58.9,14,30.0,38.7
2023-10-07 01:45:00,17,38.4,33.1,19,42.5,30.3,2,1.9,57.4,6,11.5,51.0,12,26.8,40.8,17,37.6,33.6
2023-10-07 01:50:00,7,13.4,49.7,17,38.9,32.8,4,7.2,53.8,20,46.6,27.6,15,33.4,36.4,14,32.1,37.3
2023-10-07 01:55:00,8,15.7,48.2,14,31.7,37.5,8,17.2,47.2,6,12.0,50.7,14,31.6,37.6,0,0.0,60.0
2023-10-07 02:00:00,8,15.2,48.6,17,38.9,32.7,11,24.2,42.6,15,33.4,36.4,15,34.0,36.0,16,35.4,35.0
2023-10-07 02:05:00,8,16.5,47.7,16,36.3,34.5,22,51.5,24.3,17,39.6,32.3,11,24.8,42.1,11,23.5,43.0
2023-10-07 02:10:00,18,41.5,31.0,9,18.4,46.4,15,33.0,36.6,11,22.8,43.5,10,20.9,44.7,10,20.1,45.3
2023-10-07 02:15:00,15,34.4,35.7,3,4.8,55.4,6,11.3,51.1,3,4.4,55.8,5,8.9,52.7,11,23.4,43.1
2023-10-07 02:20:00,22,50.7,24.9,14,31.3,37.8,7,14.1,49.3,3,4.5,55.6,9,18.4,46.4,2,0.9,58.1
2023-10-07 02:25:00,25,59.0,19.3,15,33.2,36.5,20,45.6,28.2,17,37.9,33.4,4,5.2,55.2,13,27.9,40.1
2023-10-07 02:30:00,5,9.5,52.3,18,41.4,31.1,18,41.9,30.7,4,6.1,54.6,6,12.3,50.4,3,4.5,55.6
2023-10-07 02:35:00,12,26.1,41.3,6,11.0,51.4,12,25.4,41.7,14,30.9,38.1,12,26.3,41.1,10,20.7,44.9
2023-10-07 02:40:00,4,7.4,53.8,6,11.4,51.1,9,18.4,46.4,12,26.7,40.9,11,23.2,43.2,12,27.4,40.4
2023-10-07 02:45:00,7,13.3,49.8,14,31.9,37.4,18,41.9,30.7,14,30.7,38.2,30,71.0,11.3,18,41.1,31.3
2023-10-07 02:50:00,8,15.6,48.3,11,23.9,42.7,6,10.1,51.9,14,32.1,37.3,3,4.8,55.4,7,12.7,50.2
2023-10-07 02:55:00,5,9.2,52.6,0,0.0,60.0,14,30.9,38.1,6,11.0,51.3,11,23.1,43.2,20,46.8,27.5
2023-10-07 03:00:00,5,9.2,52.5,14,30.6,38.2,25,59.1,19.3,6,10.4,51.7,3,3.7,56.2,17,39.2,32.5
2023-10-07 03:05:00,11,22.9,43.4,0,0.0,60.0,13,28.1,39.9,16,35.8,34.8,9,19.2,45.9,9,18.6,46.3
2023-10-07 03:10:00,4,6.8,54.2,6,10.9,51.4,7,13.4,49.7,8,15.6,48.3,9,19.8,45.5,5,8.4,53.1
2023-10-07 03:15:00,17,37.7,33.6,20,45.3,28.5,14,31.2,37.9,0,0.0,60.0,17,37.7,33.5,3,3.4,56.4
2023-10-07 03:20:00,6,11.3,51.2,22,52.4,23.7,9,18.0,46.7,15,34.8,35.5,9,18.3,46.5,13,29.1,39.3
2023-10-07 03:25:00,28,67.2,13.9,4,6.8,54.1,3,4.1,55.9,5,9.5,52.3,10,22.2,43.9,7,14.0,49.3
2023-10-07 03:30:00,9,18.3,46.5,10,20.1,45.3,16,35.6,35.0,14,32.1,37.3,9,18.6,46.3,19,43.1,30.0
2023-10-07 03:35:00,12,26.2,41.2,12,25.7,41.5,18,41.8,30.8,20,46.0,28.0,3,4.1,56.0,7,14.9,48.8
2023-10-07 03:40:00,4,5.7,54.9,22,51.8,24.1,10,20.4,45.1,12,25.3,41.8,8,15.3,48.5,6,11.6,51.0
2023-10-07 03:45:00,22,50.7,24.9,9,17.7,46.9,9,19.4,45.7,17,40.0,32.0,9,19.4,45.8,13,28.6,39.6
2023-10-07 03:50:00,18,41.9,30.7,9,18.0,46.7,6,10.7,51.6,12,27.4,40.4,12,26.2,41.2,7,14.8,48.8
2023-10-07 03:55:00,13,29.6,39.0,21,48.4,26.4,11,22.9,43.4,21,49.0,26.1,15,33.5,36.3,12,25.3,41.8
2023-10-07 04:00:00,3,5.0,55.4,9,19.5,45.7,8,16.7,47.5,5,9.2,52.5,10,21.7,44.3,17,40.0,32.1
2023-10-07 04:05:00,13,28.4,39.8,16,36.0,34.7,5,10.0,52.0,11,25.1,42.0,10,21.4,44.4,12,27.0,40.7
2023-10-07 04:10:00,5,8.4,53.1,3,3.1,56.7,23,53.6,23.0,16,35.3,35.2,1,0.0,59.1,12,27.0,40.7
2023-10-07 04:15:00,20,47.2,27.2,11,22.7,43.6,14,32.3,37.2,10,22.4,43.8,15,33.4,36.5,13,28.3,39.8
2023-10-07 04:20:00,16,37.4,33.8,2,0.4,58.4,15,33.9,36.1,18,42.6,30.3,7,14.9,48.8,1,0.0,58.8
2023-10-07 04:25:00,12,26.8,40.9,5,9.5,52.4,17,38.6,33.0,9,18.9,46.1,16,36.6,34.4,14,31.2,37.9
2023-10-07 04:30:00,0,0.0,60.0,17,38.0,33.4,16,37.0,34.1,24,56.4,21.1,19,45.1,28.6,13,27.8,40.2
2023-10-07 04:35:00,6,10.7,51.6,11,24.7,42.3,9,19.3,45.9,24,57.3,20.6,10,22.6,43.7,17,38.8,32.8
2023-10-07 04:40:00,16,35.8,34.9,10,20.7,44.9,13,29.6,39.0,13,29.7,38.9,5,10.2,52.0,15,34.6,35.7
2023-10-07 04:45:00,19,43.8,29.6,7,14.3,49.2,10,21.5,44.4,15,33.9,36.2,12,25.3,41.9,10,22.5,43.7
2023-10-07 04:50:00,18,42.3,30.6,10,22.3,43.9,14,32.2,37.3,19,43.5,29.8,14,30.9,38.2,18,41.1,31.4
2023-10-07 04:55:00,2,1.8,57.6,13,30.2,38.6,14,30.9,38.2,5,7.9,53.5,10,21.0,44.8,10,21.3,44.6
2023-10-07 05:00:00,14,33.3,37.1,18,43.6,30.3,10,23.1,43.9,4,9.1,53.2,9,20.4,45.7,14,32.5,37.6
2023-10-07 05:05:00,18,44.1,29.9,0,0.0,60.0,4,9.0,53.3,20,47.8,27.5,16,37.4,34.4,10,24.2,43.2
2023-10-07 05:10:00,2,4.1,56.6,7,16.5,48.3,13,31.2,38.5,14,33.1,37.3,15,36.5,35.0,15,35.9,35.4
2023-10-07 05:15:00,12,29.0,40.0,13,31.5,38.4,11,26.1,42.0,11,25.7,42.2,10,23.9,43.4,10,23.5,43.7
2023-10-07 05:20:00,14,33.3,37.1,12,27.8,40.9,1,0.9,58.8,12,29.4,39.8,2,4.4,56.4,22,53.9,23.4
2023-10-07 05:25:00,11,24.9,42.8,15,35.4,35.8,15,37.0,34.7,0,0.0,60.0,15,36.2,35.3,24,59.6,19.6
2023-10-07 05:30:00,1,1.7,58.3,14,33.5,37.1,18,44.0,30.1,11,26.6,41.7,8,18.0,47.4,18,42.6,31.0
2023-10-07 05:35:00,10,24.8,42.9,11,25.1,42.7,28,67.6,14.4,8,18.3,47.2,14,32.9,37.5,22,52.8,24.3
2023-10-07 05:40:00,10,24.9,42.9,9,21.9,44.9,10,23.9,43.5,18,43.6,30.4,13,32.1,38.1,3,6.7,55.0
2023-10-07 05:45:00,12,27.7,41.0,11,26.3,42.0,9,21.9,44.9,18,44.9,29.6,1,1.6,58.4,4,8.6,53.7
2023-10-07 05:50:00,9,21.7,45.1,19,47.3,28.0,6,13.5,50.5,16,38.8,33.7,13,31.3,38.6,11,25.3,42.7
2023-10-07 05:55:00,10,23.6,43.8,8,19.3,46.7,14,33.4,37.3,15,36.2,35.4,16,38.0,34.2,13,30.9,38.9
2023-10-07 06:00:00,12,29.9,39.7,12,29.5,39.9,14,33.5,37.2,4,8.0,54.2,16,40.0,32.9,11,27.5,41.2
2023-10-07 06:05:00,15,37.3,34.7,14,33.4,37.3,8,18.5,47.3,16,39.5,33.3,13,32.4,38.0,3,6.0,55.6
2023-10-07 06:10:00,11,26.3,42.1,22,54.2,23.5,12,28.2,40.8,16,40.3,32.8,1,1.2,58.9,20,48.1,27.6
2023-10-07 06:15:00,10,24.9,43.1,11,26.5,42.0,1,1.4,58.8,20,49.7,26.5,20,50.2,26.2,26,63.4,17.4
2023-10-07 06:20:00,13,32.6,38.0,19,45.6,29.3,18,45.1,29.6,25,63.0,17.7,15,37.4,34.8,20,50.5,26.1
2023-10-07 06:25:00,1,2.6,58.0,20,49.9,26.5,8,19.9,46.5,3,6.0,55.7,6,13.4,50.8,19,47.7,27.9
2023-10-07 06:30:00,16,38.8,33.9,12,30.7,39.3,13,31.1,39.0,10,25.8,42.6,8,19.8,46.6,14,35.0,36.4
2023-10-07 06:35:00,13,31.8,38.6,12,28.7,40.7,4,10.4,52.8,8,20.7,46.0,14,35.3,36.3,8,19.2,47.0
2023-10-07 06:40:00,13,32.6,38.1,11,27.1,41.8,9,23.3,44.3,14,34.6,36.8,17,42.2,31.7,13,33.1,37.8
2023-10-07 06:45:00,19,46.7,28.8,11,28.4,40.9,11,28.0,41.2,13,32.4,38.2,10,24.9,43.3,26,63.8,17.3
2023-10-07 06:50:00,1,3.1,57.8,18,45.2,29.7,13,32.3,38.4,12,28.9,40.6,18,44.8,30.0,11,27.2,41.8
2023-10-07 06:55:00,1,3.0,57.9,14,36.1,35.9,16,39.8,33.4,19,48.0,27.9,2,5.7,56.1,10,25.8,42.7
2023-10-07 07:00:00,15,36.9,35.4,14,36.3,35.7,22,54.4,23.7,6,16.3,49.1,7,17.2,48.5,20,49.4,27.0
2023-10-07 07:05:00,13,32.9,38.1,6,16.1,49.3,17,44.0,30.7,7,17.4,48.4,1,2.0,58.7,20,50.6,26.3
2023-10-07 07:10:00,14,35.7,36.2,7,18.6,47.6,19,47.6,28.3,7,17.8,48.2,8,19.7,46.9,8,20.4,46.4
2023-10-07 07:15:00,10,26.4,42.5,26,65.4,16.4,22,55.0,23.4,11,27.9,41.5,22,55.9,22.8,12,29.4,40.5
2023-10-07 07:20:00,17,43.4,31.1,12,30.8,39.6,17,42.0,32.1,6,15.0,50.1,26,64.3,17.2,10,25.9,42.8
2023-10-07 07:25:00,19,47.6,28.4,9,21.9,45.5,13,33.0,38.1,13,32.8,38.2,15,37.1,35.4,14,34.6,37.0
2023-10-07 07:30:00,16,40.9,32.8,22,55.1,23.4,19,48.8,27.6,12,31.2,39.3,9,24.1,44.0,20,50.2,26.6
2023-10-07 07:35:00,12,29.9,40.2,15,38.0,34.8,20,49.9,26.9,9,22.0,45.5,12,30.4,39.8,8,21.7,45.7
2023-10-07 07:40:00,1,2.2,58.7,17,42.5,31.8,17,43.6,31.1,19,47.0,28.8,16,41.0,32.8,20,50.2,26.7
2023-10-07 07:45:00,18,45.5,29.8,12,31.8,38.9,5,12.1,52.1,13,33.0,38.1,4,10.5,53.2,14,35.4,36.5
2023-10-07 07:50:00,21,52.3,25.3,11,29.2,40.7,8,21.3,45.9,20,49.9,26.9,10,25.4,43.2,27,68.9,14.3
2023-10-07 07:55:00,17,43.7,31.1,12,31.4,39.2,12,29.9,40.3,12,31.1,39.5,22,55.5,23.2,15,38.8,34.3
2023-10-07 08:00:00,8,20.8,46.3,5,13.3,51.3,18,45.7,29.7,13,33.6,37.7,7,18.3,48.0,13,32.5,38.5
2023-10-07 08:05:00,17,44.1,30.8,13,32.7,38.4,13,33.7,37.7,10,25.5,43.1,9,22.8,45.0,17,42.6,31.8
2023-10-07 08:10:00,18,46.9,28.9,15,38.4,34.6,20,51.0,26.1,13,33.9,37.6,13,34.2,37.4,11,28.9,40.9
2023-10-07 08:15:00,23,57.3,22.0,24,61.7,19.0,21,53.6,24.4,18,44.6,30.4,15,38.2,34.7,3,7.0,55.5
2023-10-07 08:20:00,8,20.7,46.3,14,35.1,36.7,20,51.8,25.6,11,27.7,41.7,10,24.5,43.8,12,30.2,40.0
2023-10-07 08:25:00,12,30.4,39.9,0,0.0,60.0,20,51.9,25.6,16,41.5,32.4,14,34.9,36.8,12,29.9,40.2
2023-10-07 08:30:00,18,44.9,30.2,13,32.3,38.6,7,18.1,48.0,8,21.5,45.8,17,42.8,31.6,4,9.8,53.6
2023-10-07 08:35:00,14,34.4,37.1,30,74.7,10.3,16,40.8,32.9,18,44.9,30.1,25,63.0,18.1,13,32.5,38.4
2023-10-07 08:40:00,6,16.7,49.0,18,46.4,29.1,10,24.3,43.9,10,24.7,43.6,12,31.5,39.0,1,2.4,58.5
2023-10-07 08:45:00,16,39.5,33.7,8,21.1,46.0,3,8.6,54.3,18,46.1,29.3,13,32.7,38.3,11,28.1,41.3
2023-10-07 08:50:00,17,41.8,32.1,17,42.0,32.0,11,28.8,40.8,13,34.1,37.3,22,56.1,22.7,15,36.8,35.5
2023-10-07 08:55:00,14,34.3,37.1,9,21.8,45.4,21,52.8,24.8,22,55.8,22.8,10,24.7,43.5,14,34.4,37.0
2023-10-07 09:00:00,14,36.1,35.9,5,12.5,51.6,16,39.7,33.5,6,15.5,49.6,5,12.9,51.3,11,26.6,42.2
2023-10-07 09:05:00,11,28.7,40.8,11,27.4,41.7,25,62.9,18.0,4,10.5,52.9,15,36.4,35.7,13,31.3,39.0
2023-10-07 09:10:00,22,54.6,23.5,14,33.8,37.4,14,35.1,36.5,9,23.2,44.4,19,48.6,27.5,8,20.7,46.1
2023-10-07 09:15:00,8,18.7,47.4,2,4.2,57.1,28,69.0,13.9,5,11.5,52.2,15,37.7,34.8,13,32.4,38.3
2023-10-07 09:20:00,9,23.2,44.4,6,14.8,50.0,14,34.7,36.7,5,11.3,52.3,12,30.6,39.4,13,32.9,37.9
2023-10-07 09:25:00,13,32.0,38.5,13,32.0,38.5,13,32.2,38.4,17,41.2,32.4,4,10.1,53.1,7,18.3,47.6
2023-10-07 09:30:00,18,44.8,29.9,10,25.5,42.8,5,12.5,51.5,13,31.6,38.7,12,30.8,39.3,14,35.7,36.0
2023-10-07 09:35:00,4,9.0,53.8,15,37.4,34.8,19,48.1,27.7,10,24.2,43.6,20,49.9,26.4,14,35.4,36.2
2023-10-07 09:40:00,5,11.6,52.0,5,13.0,51.0,10,23.7,43.9,10,25.4,42.7,5,12.7,51.2,12,28.7,40.5
2023-10-07 09:45:00,0,0.5,59.4,17,41.8,31.8,9,21.3,45.4,9,22.1,45.0,11,27.4,41.4,27,67.4,14.8
2023-10-07 09:50:00,13,31.3,38.7,6,13.1,50.9,20,50.1,26.3,23,55.6,22.6,10,25.0,43.0,12,28.7,40.5
2023-10-07 09:55:00,6,13.9,50.4,22,55.3,22.7,20,48.0,27.6,8,19.6,46.5,8,20.2,46.1,11,26.5,42.0
2023-10-07 10:00:00,10,24.7,43.1,2,4.7,56.4,19,47.5,27.9,5,10.6,52.5,14,34.2,36.8,10,24.1,43.5
2023-10-07 10:05:00,17,40.2,32.7,6,13.9,50.3,10,24.9,43.0,17,42.2,31.4,15,36.9,34.9,7,15.7,49.1
2023-10-07 10:10:00,9,20.5,45.9,15,36.4,35.3,12,29.4,39.9,11,26.9,41.6,15,36.6,35.1,17,40.4,32.6
2023-10-07 10:15:00,14,33.4,37.2,22,54.9,22.9,12,29.1,40.1,25,60.5,19.1,7,15.3,49.3,8,19.7,46.4
2023-10-07 10:20:00,11,25.3,42.6,14,34.5,36.4,17,41.5,31.8,9,21.9,44.9,3,5.1,56.1,9,21.3,45.3
2023-10-07 10:25:00,16,39.7,33.0,16,38.1,34.0,22,53.0,24.1,18,42.3,31.2,14,33.6,37.0,9,21.6,45.1
2023-10-07 10:30:00,15,36.6,35.0,13,29.8,39.6,15,35.0,36.1,19,45.7,28.9,9,21.9,44.8,6,14.7,49.6
2023-10-07 10:35:00,8,19.0,46.7,6,14.0,50.1,24,59.0,20.1,9,21.6,45.0,23,57.0,21.4,2,3.1,57.3
2023-10-07 10:40:00,11,26.7,41.6,9,21.9,44.8,18,42.7,30.9,8,18.1,47.3,24,57.5,21.0,10,22.3,44.5
2023-10-07 10:45:00,19,44.8,29.5,5,11.0,52.0,11,25.6,42.3,17,40.3,32.5,24,59.0,20.0,18,42.2,31.2
2023-10-07 10:50:00,15,34.9,36.0,5,9.9,52.8,17,41.5,31.7,16,37.7,34.2,7,14.9,49.4,13,32.0,38.0
2023-10-07 10:55:00,4,8.0,54.0,15,35.0,36.0,23,54.5,23.0,4,7.8,54.1,16,37.5,34.3,22,52.3,24.4
2023-10-07 11:00:00,16,38.7,33.5,6,12.0,51.3,24,58.8,20.1,5,11.9,51.4,17,41.9,31.4,17,40.1,32.6
2023-10-07 11:05:00,6,12.5,51.0,14,33.6,36.9,19,46.6,28.2,0,0.0,60.0,17,40.1,32.5,15,36.6,34.9
2023-10-07 11:10:00,21,49.9,26.0,4,9.2,53.2,12,29.1,39.9,16,37.6,34.2,10,23.4,43.7,24,56.9,21.3
2023-10-07 11:15:00,18,44.0,29.9,14,33.1,37.2,11,25.4,42.4,11,24.7,42.8,20,47.8,27.4,12,27.2,41.2
2023-10-07 11:20:00,14,32.9,37.3,9,21.2,45.1,16,37.2,34.5,11,26.1,41.8,12,28.6,40.2,13,29.5,39.6
2023-10-07 11:25:00,13,30.9,38.7,21,49.6,26.2,22,53.6,23.5,2,3.1,57.2,13,30.4,39.0,12,28.3,40.4
2023-10-07 11:30:00,11,25.3,42.4,14,33.3,37.0,15,35.0,35.9,6,12.0,51.2,3,5.4,55.6,21,51.6,24.8
2023-10-07 11:35:00,16,38.6,33.5,20,47.0,27.9,15,35.3,35.7,9,21.3,45.1,16,38.1,33.8,12,28.5,40.3
2023-10-07 11:40:00,10,22.8,44.0,8,17.1,47.9,12,29.2,39.8,8,18.3,47.0,11,24.5,42.9,8,18.7,46.8
2023-10-07 11:45:00,14,31.9,38.0,13,29.2,39.7,10,23.5,43.6,13,30.1,39.1,15,35.4,35.7,16,37.2,34.4
2023-10-07 11:50:00,17,41.4,31.6,6,13.6,50.1,11,25.9,41.9,16,37.1,34.5,14,31.9,38.0,7,16.1,48.5
2023-10-07 11:55:00,9,19.9,45.9,10,22.1,44.5,13,30.4,39.0,26,62.4,17.6,13,31.1,38.5,15,36.3,35.0
2023-10-07 12:00:00,8,19.1,46.5,11,24.4,43.0,22,54.1,23.2,12,28.0,40.5,12,27.6,40.8,15,34.5,36.2
2023-10-07 12:05:00,5,10.4,52.3,8,17.4,47.6,11,24.7,42.7,19,45.1,29.2,17,40.1,32.5,11,25.5,42.2
2023-10-07 12:10:00,6,12.4,51.0,5,10.1,52.5,12,29.1,39.8,7,15.9,48.6,11,25.3,42.3,16,36.8,34.7
2023-10-07 12:15:00,1,0.9,58.6,4,7.1,54.5,7,15.4,49.0,2,3.2,57.1,3,6.5,54.9,3,6.0,55.2
2023-10-07 12:20:00,17,39.3,33.0,0,0.0,60.0,16,39.1,33.2,10,23.1,43.8,16,36.9,34.6,13,30.8,38.7
2023-10-07 12:25:00,23,55.5,22.2,6,12.5,50.9,20,48.9,26.7,3,4.4,56.3,7,16.2,48.4,9,21.4,44.9
2023-10-07 12:30:00,21,49.8,26.1,16,37.8,34.0,22,52.8,24.1,12,28.6,40.2,4,8.5,53.6,29,71.3,11.7
2023-10-07 12:35:00,2,4.0,56.6,3,4.4,56.3,13,31.5,38.3,7,16.7,48.1,6,13.1,50.5,13,30.7,38.7
2023-10-07 12:40:00,17,39.3,33.0,4,7.9,54.0,16,37.1,34.5,0,0.0,59.8,14,32.7,37.4,9,19.5,46.2
2023-10-07 12:45:00,21,49.8,26.0,23,55.3,22.4,11,26.2,41.8,23,54.5,22.9,12,27.0,41.2,4,7.8,54.0
2023-10-07 12:50:00,9,21.7,44.8,8,19.0,46.6,15,36.4,35.0,9,20.4,45.6,0,0.0,60.0,20,48.1,27.2
2023-10-07 12:55:00,13,30.1,39.2,14,33.4,37.0,14,33.3,37.1,2,4.0,56.6,10,22.8,44.1,10,23.3,43.7
2023-10-07 13:00:00,0,0.0,60.0,16,38.2,33.8,13,29.5,39.6,18,42.1,31.2,19,46.1,28.5,7,16.7,48.1
2023-10-07 13:05:00,14,32.6,37.5,16,38.6,33.6,13,30.7,38.8,8,17.7,47.5,10,21.9,44.7,14,33.7,36.8
2023-10-07 13:10:00,6,12.8,50.8,3,5.9,55.4,15,35.5,35.6,19,45.1,29.2,11,26.2,41.8,16,38.5,33.7
2023-10-07 13:15:00,13,31.8,38.1,11,25.3,42.4,10,24.4,43.1,8,17.8,47.5,19,44.4,29.7,16,38.3,33.8
2023-10-07 13:20:00,3,5.4,55.7,3,4.6,56.3,11,25.2,42.5,9,20.7,45.5,17,40.8,32.1,12,29.1,39.9
2023-10-07 13:25:00,16,37.0,34.6,27,65.6,15.6,23,54.5,23.0,14,34.1,36.6,18,44.2,29.8,13,31.3,38.5
2023-10-07 13:30:00,18,44.3,29.8,3,5.1,56.0,29,69.6,12.9,16,37.9,34.1,0,0.0,60.0,14,32.5,37.7
2023-10-07 13:35:00,8,17.3,47.8,6,13.3,50.4,5,11.0,52.0,17,40.6,32.3,23,55.1,22.6,14,34.1,36.6
2023-10-07 13:40:00,6,12.1,51.3,6,13.5,50.3,5,10.3,52.5,12,27.8,40.8,16,38.7,33.6,15,35.5,35.7
2023-10-07 13:45:00,0,0.0,60.0,3,6.8,54.8,7,14.9,49.4,16,37.2,34.6,27,66.2,15.3,19,45.7,28.9
2023-10-07 13:50:00,11,25.3,42.5,20,49.6,26.3,12,27.8,40.9,17,40.5,32.4,8,17.6,47.7,13,30.2,39.3
2023-10-07 13:55:00,9,20.7,45.6,27,65.8,15.6,18,42.9,30.8,14,32.5,37.8,2,3.0,57.4,7,17.2,47.9
2023-10-07 14:00:00,3,6.3,55.2,10,22.4,44.5,16,38.4,33.8,12,27.4,41.1,12,29.7,39.6,12,27.4,41.2
2023-10-07 14:05:00,15,36.5,35.1,5,9.9,52.9,13,32.3,37.9,4,8.0,54.1,11,25.5,42.4,17,41.0,32.1
2023-10-07 14:10:00,10,23.0,44.1,0,0.0,60.0,16,37.7,34.3,16,38.8,33.6,16,39.6,33.1,2,3.0,57.5
2023-10-07 14:15:00,6,13.8,50.3,11,26.3,42.0,8,19.5,46.5,13,30.6,39.1,19,46.0,28.8,2,3.2,57.3
2023-10-07 14:20:00,9,21.7,45.0,11,25.3,42.6,11,26.4,41.9,10,23.9,43.6,12,28.7,40.3,18,43.8,30.3
2023-10-07 14:25:00,19,46.3,28.7,9,20.4,45.9,12,29.9,39.6,20,49.4,26.6,11,26.6,41.8,22,53.0,24.2
2023-10-07 14:30:00,16,39.4,33.3,14,33.7,37.1,3,6.6,55.2,4,8.9,53.6,16,38.2,34.1,5,11.4,52.0
2023-10-07 14:35:00,12,28.5,40.6,15,36.4,35.3,6,13.1,50.9,22,55.1,22.8,11,26.6,41.8,13,32.0,38.3
2023-10-07 14:40:00,16,39.9,33.0,15,35.5,35.9,6,13.8,50.4,12,30.3,39.4,11,25.5,42.6,10,24.6,43.2
2023-10-07 14:45:00,6,13.4,50.7,11,26.1,42.3,17,42.3,31.5,15,35.6,35.9,19,46.4,28.7,11,26.9,41.7
2023-10-07 14:50:00,13,31.4,38.7,6,14.4,50.0,14,34.6,36.6,10,25.0,43.0,20,49.9,26.4,15,35.5,36.0
2023-10-07 14:55:00,14,33.3,37.5,17,41.1,32.3,16,40.3,32.8,3,6.1,55.6,19,47.4,28.1,5,11.7,51.9
2023-10-07 15:00:00,10,24.2,43.6,13,31.5,38.7,2,3.7,57.2,12,29.2,40.2,12,28.8,40.5,6,14.7,49.9
2023-10-07 15:05:00,15,38.0,34.4,18,44.8,29.9,4,9.2,53.6,15,36.5,35.4,0,0.0,60.0,11,27.0,41.8
2023-10-07 15:10:00,8,19.9,46.5,18,43.5,30.8,17,41.6,32.0,17,41.8,31.9,12,29.4,40.2,12,29.5,40.1
2023-10-07 15:15:00,16,39.5,33.5,4,10.5,52.8,0,0.0,60.0,12,28.9,40.6,8,20.5,46.2,6,14.9,49.8
2023-10-07 15:20:00,16,40.3,33.0,4,10.5,52.8,20,50.4,26.3,0,0.0,60.0,12,30.1,39.8,18,43.8,30.6
2023-10-07 15:25:00,0,0.0,60.0,8,20.9,46.0,2,4.8,56.6,4,9.1,53.8,9,22.1,45.1,10,25.9,42.6
2023-10-07 15:30:00,20,50.2,26.4,7,16.5,48.9,18,45.0,29.9,25,63.1,17.8,13,32.1,38.5,10,26.0,42.5
2023-10-07 15:35:00,0,0.0,60.0,18,43.9,30.7,8,19.2,47.1,6,16.2,49.2,7,17.0,48.6,15,36.8,35.4
2023-10-07 15:40:00,9,23.5,44.3,15,38.0,34.6,19,48.5,27.6,22,54.1,23.9,5,13.5,50.9,12,30.8,39.4
2023-10-07 15:45:00,19,48.3,27.8,20,49.4,27.1,32,81.0,6.0,7,18.9,47.4,20,51.3,25.8,18,45.5,29.7
2023-10-07 15:50:00,11,28.3,41.1,15,39.0,34.0,0,0.0,60.0,12,30.4,39.8,7,18.5,47.7,8,19.1,47.3
2023-10-07 15:55:00,4,11.3,52.5,14,36.4,35.8,17,43.7,30.9,17,42.6,31.6,13,33.3,37.9,5,12.3,51.8
2023-10-07 16:00:00,7,17.0,48.7,20,51.4,25.8,2,6.3,55.9,8,21.1,46.0,19,47.8,28.2,11,28.8,40.9
2023-10-07 16:05:00,19,49.0,27.4,16,40.6,33.0,16,40.0,33.4,23,57.5,21.8,19,47.3,28.6,14,34.5,37.1
2023-10-07 16:10:00,2,4.9,56.8,14,34.8,36.9,12,30.7,39.7,14,34.9,36.9,18,45.7,29.7,6,15.2,50.0
2023-10-07 16:15:00,20,50.9,26.2,22,56.1,22.7,14,35.9,36.2,16,40.8,32.9,15,38.5,34.5,5,13.1,51.4
2023-10-07 16:20:00,13,33.2,38.0,14,35.8,36.3,8,20.4,46.6,12,30.1,40.1,18,44.9,30.2,14,36.8,35.6
2023-10-07 16:25:00,6,16.3,49.3,12,29.7,40.4,18,45.9,29.6,17,44.1,30.8,22,54.8,23.7,9,22.9,45.0
2023-10-07 16:30:00,10,25.6,43.2,8,21.8,45.7,5,12.6,51.8,23,58.0,21.5,16,40.7,33.1,5,12.6,51.8
2023-10-07 16:35:00,7,19.2,47.4,18,45.0,30.2,21,53.1,24.8,13,32.5,38.6,2,6.9,55.6,19,49.0,27.6
2023-10-07 16:40:00,19,47.6,28.5,21,53.2,24.8,11,28.5,41.3,24,60.5,19.9,10,26.7,42.5,10,25.1,43.5
2023-10-07 16:45:00,18,45.7,29.8,13,34.0,37.7,5,13.7,51.2,10,25.5,43.3,18,45.2,30.2,20,52.0,25.6
2023-10-07 16:50:00,3,9.0,54.3,21,54.4,24.0,23,58.7,21.1,18,46.3,29.5,10,25.4,43.4,14,35.2,36.8
2023-10-07 16:55:00,11,28.8,41.1,2,5.3,56.8,13,33.9,37.7,16,42.2,32.2,23,59.2,20.8,15,39.3,34.1
2023-10-07 17:00:00,8,22.0,45.6,13,34.1,37.6,25,63.6,17.9,7,18.9,47.7,13,34.0,37.6,12,31.8,39.1
2023-10-07 17:05:00,21,54.4,24.0,13,34.4,37.4,21,53.4,24.8,15,38.3,34.8,14,36.3,36.1,0,0.0,60.0
2023-10-07 17:10:00,5,14.8,50.5,9,24.2,44.2,9,23.1,44.9,14,35.2,36.9,20,52.0,25.7,7,18.0,48.3
2023-10-07 17:15:00,23,59.2,20.9,28,70.9,13.1,13,33.9,37.8,8,22.3,45.5,12,32.4,38.8,13,33.3,38.2
2023-10-07 17:20:00,13,34.7,37.2,13,34.2,37.6,14,37.0,35.7,16,40.5,33.3,15,37.8,35.1,16,40.6,33.3
2023-10-07 17:25:00,7,17.8,48.5,11,29.1,41.0,23,58.1,21.6,14,37.4,35.4,19,48.7,27.9,3,8.3,54.8
2023-10-07 17:30:00,9,25.0,43.7,14,35.6,36.6,16,41.8,32.5,13,34.1,37.6,5,13.1,51.6,13,34.4,37.4
2023-10-07 17:35:00,9,23.2,44.9,2,5.2,56.9,15,37.8,35.1,13,34.2,37.6,12,30.9,39.8,7,18.4,48.1
2023-10-07 17:40:00,6,16.1,49.7,9,23.8,44.5,12,32.2,38.9,13,33.8,37.8,19,47.6,28.6,15,38.7,34.6
2023-10-07 17:45:00,14,36.6,36.0,19,49.9,27.1,13,34.4,37.4,11,29.6,40.6,14,36.1,36.3,13,34.9,37.1
2023-10-07 17:50:00,6,16.7,49.2,10,25.7,43.2,21,54.7,23.9,14,37.2,35.6,22,57.1,22.3,18,46.3,29.5
2023-10-07 17:55:00,0,2.3,58.8,9,22.6,45.3,14,35.1,36.9,10,25.4,43.4,4,11.4,52.7,20,51.0,26.3
2023-10-07 18:00:00,11,29.3,40.8,21,54.6,23.9,11,29.1,41.0,29,74.8,10.4,3,9.6,53.9,16,41.9,32.4
2023-10-07 18:05:00,3,7.9,55.1,22,55.0,23.6,10,26.4,42.7,5,13.8,51.1,18,46.4,29.4,19,47.8,28.4
2023-10-07 18:10:00,9,23.5,44.6,17,42.6,31.9,10,26.5,42.6,10,26.0,42.9,19,47.8,28.4,11,29.6,40.6
2023-10-07 18:15:00,8,21.1,46.2,11,27.9,41.7,5,13.7,51.2,10,27.1,42.2,12,31.8,39.1,30,77.1,8.9
2023-10-07 18:20:00,8,21.5,45.9,12,31.0,39.6,9,23.3,44.7,26,65.2,16.8,16,40.6,33.2,6,16.3,49.4
2023-10-07 18:25:00,25,64.5,17.2,9,22.4,45.3,22,57.0,22.3,5,14.7,50.5,18,45.7,29.8,10,26.6,42.5
2023-10-07 18:30:00,14,35.2,36.8,7,19.4,47.3,12,31.3,39.4,16,40.7,33.1,8,22.1,45.5,19,47.9,28.3
2023-10-07 18:35:00,15,37.9,34.9,7,18.6,47.8,18,44.8,30.3,15,37.9,34.9,9,23.6,44.5,18,45.5,29.9
2023-10-07 18:40:00,3,7.4,55.2,10,24.8,43.6,0,0.0,60.0,15,39.1,34.1,14,36.9,35.6,16,41.4,32.6
2023-10-07 18:45:00,9,24.1,44.1,7,18.4,47.9,17,42.4,31.9,21,52.5,25.2,19,47.5,28.5,17,44.1,30.8
2023-10-07 18:50:00,15,37.0,35.5,4,10.3,53.3,12,31.3,39.2,21,52.0,25.5,6,16.3,49.3,1,2.5,58.5
2023-10-07 18:55:00,7,18.2,47.9,15,36.9,35.5,10,26.4,42.5,11,26.8,42.2,12,30.6,39.7,23,57.4,21.8
2023-10-07 19:00:00,19,47.1,28.7,15,37.0,35.4,14,36.1,36.0,14,36.3,35.8,12,29.8,40.2,12,30.4,39.8
2023-10-07 19:05:00,6,15.2,49.9,23,58.8,20.9,10,25.8,42.8,2,5.3,56.5,16,39.5,33.7,21,52.0,25.4
2023-10-07 19:10:00,11,28.8,40.8,9,23.1,44.6,0,1.2,59.2,14,34.6,37.0,13,33.0,38.0,1,2.6,58.3
2023-10-07 19:15:00,10,24.1,43.9,15,37.4,35.1,19,46.7,28.8,8,21.0,46.0,10,24.7,43.5,15,36.8,35.5
2023-10-07 19:20:00,14,35.2,36.5,15,37.4,35.0,15,36.4,35.7,12,29.9,40.0,21,51.5,25.6,10,24.3,43.8
2023-10-07 19:25:00,9,22.9,44.6,11,28.7,40.8,11,27.8,41.4,3,7.3,55.1,10,24.5,43.6,16,41.1,32.5
2023-10-07 19:30:00,11,28.3,41.0,17,43.5,30.9,7,17.9,48.0,15,38.4,34.3,11,28.0,41.2,15,37.1,35.1
2023-10-07 19:35:00,12,28.6,40.8,18,43.8,30.7,4,10.1,53.1,3,6.7,55.4,3,8.3,54.3,15,37.7,34.7
2023-10-07 19:40:00,8,21.0,45.8,15,36.9,35.2,14,35.4,36.3,14,34.2,37.0,9,21.3,45.6,7,16.1,49.1
2023-10-07 19:45:00,16,39.1,33.7,11,28.0,41.1,23,56.0,22.5,6,13.4,50.9,16,39.6,33.4,13,31.0,39.2
2023-10-07 19:50:00,14,35.2,36.3,11,26.3,42.3,14,34.7,36.6,8,18.9,47.2,15,36.5,35.5,12,28.9,40.5
2023-10-07 19:55:00,12,30.1,39.7,5,11.0,52.4,4,10.7,52.6,20,48.8,27.2,16,40.5,32.8,16,38.9,33.8
2023-10-07 20:00:00,10,24.8,43.2,8,19.2,46.9,14,34.7,36.6,16,40.1,33.0,16,39.6,33.3,19,46.1,29.0
2023-10-07 20:05:00,18,43.1,31.0,9,21.8,45.2,12,30.3,39.5,20,48.4,27.4,25,62.4,18.1,14,33.4,37.4
2023-10-07 20:10:00,11,27.4,41.4,6,14.1,50.3,18,43.9,30.4,22,54.4,23.4,8,19.7,46.5,5,11.8,51.8
2023-10-07 20:15:00,11,26.2,42.2,15,37.4,34.7,16,39.9,33.0,8,19.2,46.8,3,6.5,55.3,13,32.4,38.0
2023-10-07 20:20:00,13,32.2,38.1,20,48.6,27.2,0,0.0,60.0,22,53.1,24.2,6,14.9,49.7,28,69.8,13.1
2023-10-07 20:25:00,23,55.9,22.3,7,16.9,48.3,16,38.7,33.8,4,8.5,53.9,8,19.9,46.3,22,55.2,22.8
2023-10-07 20:30:00,5,10.2,52.7,14,34.6,36.5,7,15.3,49.4,17,41.5,31.9,7,15.7,49.1,0,0.0,60.0
2023-10-07 20:35:00,17,41.7,31.7,6,14.7,49.7,4,8.9,53.6,10,22.8,44.3,13,31.6,38.5,13,31.1,38.8
2023-10-07 20:40:00,1,1.7,58.4,11,25.5,42.5,11,27.2,41.4,7,16.1,48.8,20,48.8,26.9,18,44.0,30.2
2023-10-07 20:45:00,14,33.2,37.4,8,19.6,46.4,15,36.1,35.4,16,39.1,33.4,22,53.0,24.1,11,27.2,41.4
2023-10-07 20:50:00,22,53.4,23.9,16,38.8,33.6,3,5.2,56.0,18,44.0,30.2,15,37.4,34.6,10,22.9,44.2
2023-10-07 20:55:00,15,37.0,34.8,8,19.5,46.5,17,40.2,32.6,18,43.4,30.5,25,61.8,18.3,11,25.7,42.3
2023-10-07 21:00:00,13,32.1,38.0,18,44.7,29.6,17,41.0,32.1,14,32.8,37.6,10,24.2,43.3,16,37.8,34.2
2023-10-07 21:05:00,9,21.0,45.4,11,25.8,42.2,13,30.2,39.3,13,31.4,38.5,3,5.0,56.1,5,12.2,51.3
2023-10-07 21:10:00,13,29.8,39.5,8,19.6,46.3,7,16.3,48.5,16,37.2,34.6,19,45.1,29.3,20,47.2,27.9
2023-10-07 21:15:00,11,25.5,42.4,5,10.4,52.4,6,14.6,49.7,14,33.8,36.8,1,1.7,58.3,12,28.4,40.4
2023-10-07 21:20:00,8,17.4,47.8,14,32.9,37.4,18,44.5,29.7,16,37.3,34.5,8,17.8,47.5,7,15.1,49.3
2023-10-07 21:25:00,11,24.7,42.9,18,42.5,31.0,3,6.4,55.1,14,32.1,37.9,15,36.9,34.8,19,45.9,28.7
2023-10-07 21:30:00,13,32.0,38.0,14,33.1,37.3,19,44.9,29.4,17,41.6,31.6,12,27.4,41.0,3,5.8,55.5
2023-10-07 21:35:00,8,17.4,47.7,26,62.5,17.7,11,26.4,41.7,3,4.5,56.3,11,26.0,42.0,9,20.6,45.6
2023-10-07 21:40:00,7,16.7,48.2,21,50.3,25.8,12,27.4,41.0,11,26.9,41.4,5,11.1,51.9,9,20.2,45.8
2023-10-07 21:45:00,4,8.3,53.7,10,24.1,43.2,2,3.1,57.2,4,8.0,54.0,12,28.6,40.2,25,60.9,18.7
2023-10-07 21:50:00,15,34.5,36.2,10,23.9,43.3,11,26.5,41.6,14,32.8,37.4,18,43.7,30.1,8,18.4,47.0
2023-10-07 21:55:00,15,36.8,34.7,15,35.7,35.5,16,37.8,34.0,22,53.3,23.8,12,28.9,40.0,0,0.0,60.0
2023-10-07 22:00:00,14,32.0,37.9,7,16.0,48.6,4,8.5,53.6,9,21.5,45.0,7,16.1,48.5,9,19.8,46.0
2023-10-07 22:05:00,17,40.0,32.1,19,43.0,30.1,15,33.0,36.8,12,27.4,40.5,4,6.8,54.2,14,32.4,37.2
2023-10-07 22:10:00,12,26.8,40.9,14,30.9,38.1,12,26.8,40.9,16,36.8,34.2,7,13.3,49.9,16,37.2,33.9
2023-10-07 22:15:00,14,31.3,37.9,13,29.3,39.2,8,15.8,48.2,0,0.0,60.0,14,31.3,37.9,25,59.6,19.0
2023-10-07 22:20:00,13,29.9,38.8,16,35.7,34.9,17,38.2,33.3,8,17.6,47.0,14,30.5,38.4,20,46.5,27.7
2023-10-07 22:25:00,11,24.0,42.7,22,51.2,24.6,0,0.0,60.0,14,30.8,38.2,7,13.3,49.8,13,28.2,39.9
2023-10-07 22:30:00,8,17.4,47.2,13,27.9,40.1,14,30.5,38.4,0,0.0,60.0,0,0.0,60.0,6,11.9,50.8
2023-10-07 22:35:00,25,58.5,19.7,11,23.6,43.0,21,49.6,25.7,6,10.6,51.6,14,31.6,37.7,21,49.6,25.6
2023-10-07 22:40:00,9,18.5,46.4,21,47.9,26.8,20,46.9,27.5,18,41.8,30.9,6,11.8,50.8,9,19.7,45.6
2023-10-07 22:45:00,8,15.2,48.5,17,39.7,32.2,14,31.1,38.0,18,40.3,31.9,16,35.6,35.0,8,15.4,48.5
2023-10-07 22:50:00,14,31.7,37.6,10,20.4,45.1,10,20.7,44.9,14,30.8,38.2,7,13.9,49.5,9,18.9,46.1
2023-10-07 22:55:00,13,29.0,39.4,12,25.3,41.9,8,15.6,48.3,17,38.4,33.1,6,10.4,51.8,4,6.4,54.4
2023-10-07 23:00:00,3,4.1,56.0,13,28.1,40.0,10,20.6,44.9,13,28.4,39.8,12,27.5,40.4,9,18.2,46.6
2023-10-07 23:05:00,18,42.0,30.7,14,30.6,38.3,15,33.3,36.5,15,33.5,36.4,26,60.5,18.3,10,21.6,44.3
2023-10-07 23:10:00,11,23.7,42.9,3,4.8,55.5,7,13.0,50.0,10,20.4,45.1,16,36.4,34.4,16,36.1,34.6
2023-10-07 23:15:00,5,8.5,53.1,2,2.0,57.4,16,36.5,34.4,12,26.9,40.8,12,27.2,40.6,9,19.3,45.8
2023-10-07 23:20:00,19,42.9,30.1,6,11.8,50.8,24,57.1,20.6,8,15.6,48.3,14,30.5,38.4,4,6.1,54.6
2023-10-07 23:25:00,15,34.5,35.7,6,10.6,51.6,11,24.2,42.6,19,44.0,29.3,1,0.0,59.5,2,1.0,58.0
2023-10-07 23:30:00,4,6.1,54.6,8,15.4,48.4,3,4.9,55.4,21,47.9,26.7,5,8.2,53.2,13,28.2,39.9
2023-10-07 23:35:00,22,51.7,24.2,15,34.6,35.6,3,4.9,55.4,20,45.8,28.2,0,0.0,60.0,12,26.2,41.2
2023-10-07 23:40:00,15,34.9,35.4,10,22.5,43.7,16,36.7,34.2,9,18.9,46.1,22,51.0,24.7,8,16.7,47.5
2023-10-07 23:45:00,11,24.9,42.1,13,28.0,40.0,11,24.2,42.6,6,10.7,51.5,21,48.0,26.7,9,18.0,46.6
2023-10-07 23:50:00,21,48.9,26.1,4,6.7,54.2,17,38.2,33.2,19,44.2,29.2,14,30.9,38.0,14,30.9,38.1
2023-10-07 23:55:00,12,27.4,40.4,9,18.1,46.6,8,17.0,47.3,15,33.2,36.5,12,27.1,40.6,20,45.9,28.1
